[
{
    "model": "auth.user",
    "fields": {
        "password": "pbkdf2_sha256$870000$g8rYETGDASAgZIjhGYWFRE$gQDD+sQfRr+ehVzd/ahVCuYgiqqliGd2Uf3UUqOkZqQ=",
        "last_login": "2024-12-01T13:55:53.947Z",
        "is_superuser": true,
        "username": "admin",
        "first_name": "",
        "last_name": "",
        "email": "admin@shop.com",
        "is_staff": true,
        "is_active": true,
        "date_joined": "2024-10-30T16:37:19.827Z",
        "groups": [],
        "user_permissions": []
    }
},
{
    "model": "auth.user",
    "fields": {
        "password": "pbkdf2_sha256$870000$znG5isk9pAU9S7x1jxOrMB$GCR2symviqXibeASlHmhhrPMbmHIh/ccGSlqfMxe4ns=",
        "last_login": "2024-12-01T10:38:37.934Z",
        "is_superuser": false,
        "username": "Sem",
        "first_name": "Sem Lee",
        "last_name": "",
        "email": "sem@shop.com",
        "is_staff": false,
        "is_active": true,
        "date_joined": "2024-10-30T16:37:56.521Z",
        "groups": [],
        "user_permissions": []
    }
},
{
    "model": "auth.user",
    "fields": {
        "password": "pbkdf2_sha256$870000$0XSU0N0Kyf1azR1nzSuxrI$4gkRkoClSg1RYGegTYAAAAjnfSSSWov3DlEnYyba37w=",
        "last_login": "2024-12-01T07:24:34.288Z",
        "is_superuser": false,
        "username": "Tom",
        "first_name": "Tom Cruze",
        "last_name": "",
        "email": "tom@shop.com",
        "is_staff": false,
        "is_active": true,
        "date_joined": "2024-11-12T15:09:51.676Z",
        "groups": [],
        "user_permissions": []
    }
},
{
    "model": "auth.user",
    "fields": {
        "password": "pbkdf2_sha256$870000$rTlI8s3R7v39Vb9dY5SByc$eai3hmrPX8Lxu5HIrBs3XoTk0lGmgMiEAX0wIHsGDh4=",
        "last_login": "2024-12-01T07:12:26.879Z",
        "is_superuser": false,
        "username": "jhon",
        "first_name": "Jhon Abrams",
        "last_name": "",
        "email": "jhon@mail.ru",
        "is_staff": false,
        "is_active": true,
        "date_joined": "2024-11-30T18:58:51.215Z",
        "groups": [],
        "user_permissions": []
    }
},
{
    "model": "sessions.session",
    "pk": "4jn9poiwmmtfgkjvz9cgu4cmwezz6kmk",
    "fields": {
        "session_data": ".eJxVjDsOwjAQBe_iGlnr2I53Kek5g7X-4QBypDipEHeHSCmgfTPzXsLztla_9bz4KYmzUOL0uwWOj9x2kO7cbrOMc1uXKchdkQft8jqn_Lwc7t9B5V6_dVRBYSQCcKCzQWcyBKMNIZAeAEJMxTIS6-JG1IRsBwqWCqMuo3Li_QG3hzbI:1t9pJ9:k2cMpoWaegKvO1UTgND8clWy6MZL-QDwdcmSRcZJfZo",
        "expire_date": "2024-11-23T17:31:35.130Z"
    }
},
{
    "model": "sessions.session",
    "pk": "e2n27hqtg9o6ui18t63mfqgtguzzqf33",
    "fields": {
        "session_data": ".eJxVjEEOwiAQRe_C2pBOGSi4dO8ZyACDVA0kpV0Z765NutDtf-_9l_C0rcVvnRc_J3EWozj9boHig-sO0p3qrcnY6rrMQe6KPGiX15b4eTncv4NCvXzroLR2gTMNyEgWnFGQyUCaYkykWOOAQWE0OpMajaHswDBZC6ABJxTvD-2FN5o:1tAquN:E4qtqI5RJYYLFKREEOj_oaNqu0R44ea1ClFAfifDbzQ",
        "expire_date": "2024-11-26T13:26:15.566Z"
    }
},
{
    "model": "sessions.session",
    "pk": "f3cw10ylgzflwi5wqioi8910c1ksou1w",
    "fields": {
        "session_data": ".eJxVjEEOwiAQRe_C2pBOGSi4dO8ZyACDVA0kpV0Z765NutDtf-_9l_C0rcVvnRc_J3EWozj9boHig-sO0p3qrcnY6rrMQe6KPGiX15b4eTncv4NCvXzroLR2gTMNyEgWnFGQyUCaYkykWOOAQWE0OpMajaHswDBZC6ABJxTvD-2FN5o:1tAZVJ:7XZCWQFZYxpE4UQRUI2R_Ghaj1-hOMgcYOUuZQp-e14",
        "expire_date": "2024-11-25T18:51:13.696Z"
    }
},
{
    "model": "sessions.session",
    "pk": "g0yto31me8bqkmosjrhue9yyun5pq82l",
    "fields": {
        "session_data": ".eJxVjDsOwjAQBe_iGlnr2I53Kek5g7X-4QBypDipEHeHSCmgfTPzXsLztla_9bz4KYmzUOL0uwWOj9x2kO7cbrOMc1uXKchdkQft8jqn_Lwc7t9B5V6_dVRBYSQCcKCzQWcyBKMNIZAeAEJMxTIS6-JG1IRsBwqWCqMuo3Li_QG3hzbI:1t6tQ1:DDw5Vo24XACuKYkUne6nmvxP3WnGCmFdeJBEswfHL28",
        "expire_date": "2024-11-15T15:18:33.116Z"
    }
},
{
    "model": "sessions.session",
    "pk": "g5mrye633soyomtg7wtetbom6h3c3p7e",
    "fields": {
        "session_data": ".eJxVjDsOwjAQBe_iGlnr2I53Kek5g7X-4QBypDipEHeHSCmgfTPzXsLztla_9bz4KYmzUOL0uwWOj9x2kO7cbrOMc1uXKchdkQft8jqn_Lwc7t9B5V6_dVRBYSQCcKCzQWcyBKMNIZAeAEJMxTIS6-JG1IRsBwqWCqMuo3Li_QG3hzbI:1tBIbT:onqF_ODSdq86KvYzPO0IsgCI0utH-nFx1S4q762gF8E",
        "expire_date": "2024-11-27T19:00:35.128Z"
    }
},
{
    "model": "sessions.session",
    "pk": "rcad3nixjjub2husswkkyst7y2boxuj3",
    "fields": {
        "session_data": ".eJxVjDsOwjAQBe_iGlnr2I53Kek5g7X-4QBypDipEHeHSCmgfTPzXsLztla_9bz4KYmzUOL0uwWOj9x2kO7cbrOMc1uXKchdkQft8jqn_Lwc7t9B5V6_dVRBYSQCcKCzQWcyBKMNIZAeAEJMxTIS6-JG1IRsBwqWCqMuo3Li_QG3hzbI:1tAvOU:uydpKtj5XapGfMpeESj1cbYmpvwmz-NVSpMyDOLCbWU",
        "expire_date": "2024-11-26T18:13:38.735Z"
    }
},
{
    "model": "sessions.session",
    "pk": "tk3nizwyqn5ywdusuc45q9iu75g0tuk3",
    "fields": {
        "session_data": ".eJxVjDkOwyAUBe9CHSEgn81lep_B4rMEJxFIYFeW7x5bcpG0b-bNRia3Lnlae2zTHMhAOLn9buj8O5YThJcrz0p9LUubkZ4KvWinYw3x87jcv0B2PR9v4FyoBGAwGmCJSwYQ7tZrkUKSUqTIRTTKeBsMV2g1gLaoAJgHIxGPqHdtIcO271_yMDpG:1tHkgZ:mfKsqaC7pd7z6brLYO2R9rx25f7U7mte5OSnGmD46dk",
        "expire_date": "2024-12-15T14:12:31.696Z"
    }
},
{
    "model": "myauth.profile",
    "pk": 1,
    "fields": {
        "user": [
            "Sem"
        ],
        "phone_number": "83527362873",
        "avatar": "profile/user_2/2810.jpeg",
        "slug": "sem"
    }
},
{
    "model": "myauth.profile",
    "pk": 34,
    "fields": {
        "user": [
            "Tom"
        ],
        "phone_number": "+7425178536",
        "avatar": "profile/user_34/1798.jpeg",
        "slug": "tom"
    }
},
{
    "model": "myauth.profile",
    "pk": 35,
    "fields": {
        "user": [
            "jhon"
        ],
        "phone_number": "89005101010",
        "avatar": "",
        "slug": "jhon"
    }
},
{
    "model": "shopapp.tag",
    "pk": 1,
    "fields": {
        "name": "ноутбук"
    }
},
{
    "model": "shopapp.tag",
    "pk": 2,
    "fields": {
        "name": "ультрабук"
    }
},
{
    "model": "shopapp.tag",
    "pk": 3,
    "fields": {
        "name": "ноутбук-трансформер"
    }
},
{
    "model": "shopapp.tag",
    "pk": 4,
    "fields": {
        "name": "Windows 10"
    }
},
{
    "model": "shopapp.tag",
    "pk": 5,
    "fields": {
        "name": "Windows 11"
    }
},
{
    "model": "shopapp.tag",
    "pk": 6,
    "fields": {
        "name": "без ОС"
    }
},
{
    "model": "shopapp.tag",
    "pk": 7,
    "fields": {
        "name": "Mac OS"
    }
},
{
    "model": "shopapp.tag",
    "pk": 8,
    "fields": {
        "name": "AMOLED"
    }
},
{
    "model": "shopapp.tag",
    "pk": 9,
    "fields": {
        "name": "IPS"
    }
},
{
    "model": "shopapp.tag",
    "pk": 10,
    "fields": {
        "name": "OLED"
    }
},
{
    "model": "shopapp.tag",
    "pk": 11,
    "fields": {
        "name": "Apple"
    }
},
{
    "model": "shopapp.tag",
    "pk": 12,
    "fields": {
        "name": "Huawei"
    }
},
{
    "model": "shopapp.tag",
    "pk": 13,
    "fields": {
        "name": "Samsung"
    }
},
{
    "model": "shopapp.tag",
    "pk": 14,
    "fields": {
        "name": "Android"
    }
},
{
    "model": "shopapp.tag",
    "pk": 15,
    "fields": {
        "name": "iOS"
    }
},
{
    "model": "shopapp.tag",
    "pk": 16,
    "fields": {
        "name": "Смартфон"
    }
},
{
    "model": "shopapp.tag",
    "pk": 17,
    "fields": {
        "name": "Комплектующие"
    }
},
{
    "model": "shopapp.tag",
    "pk": 18,
    "fields": {
        "name": "доставка"
    }
},
{
    "model": "shopapp.category",
    "pk": 3,
    "fields": {
        "title": "Ноутбуки",
        "image": "categories/category_Ноутбуки/Ноутбук.jpg",
        "subcategories": 5,
        "slug": "noutbuki",
        "tags": [
            11,
            12,
            9,
            7,
            10,
            13,
            4,
            5,
            6,
            1,
            3,
            2
        ]
    }
},
{
    "model": "shopapp.category",
    "pk": 4,
    "fields": {
        "title": "Смартфоны",
        "image": "categories/category_Смартфоны/smartfon-apple-iphone-14.jpg",
        "subcategories": 8,
        "slug": "smartfonyi",
        "tags": [
            8,
            14,
            11,
            12,
            15,
            9,
            10,
            13,
            16
        ]
    }
},
{
    "model": "shopapp.category",
    "pk": 5,
    "fields": {
        "title": "Компьютеры и ноутбуки",
        "image": "categories/category_Компьютеры и ноутбуки/компьютеры_и_ноутбуки.jpeg",
        "subcategories": null,
        "slug": "kompyuteryi-i-noutbuki",
        "tags": []
    }
},
{
    "model": "shopapp.category",
    "pk": 6,
    "fields": {
        "title": "Ноутбуки Apple",
        "image": "categories/category_Ноутбуки Apple/MacBook.jpeg",
        "subcategories": 5,
        "slug": "noutbuki-apple",
        "tags": [
            11,
            7,
            1,
            2
        ]
    }
},
{
    "model": "shopapp.category",
    "pk": 7,
    "fields": {
        "title": "Комплектующие для ПК",
        "image": "categories/category_Комплектующие для ПК/Комплектующие_для_ПК.jpeg",
        "subcategories": 5,
        "slug": "komplektuyuschie-dlya-pk",
        "tags": [
            17
        ]
    }
},
{
    "model": "shopapp.category",
    "pk": 8,
    "fields": {
        "title": "Смартфоны и гаджеты",
        "image": "categories/category_Смартфоны и гаджеты/smartfon-apple-iphone-14.jpg",
        "subcategories": null,
        "slug": "smartfonyi-i-gadzhetyi",
        "tags": []
    }
},
{
    "model": "shopapp.category",
    "pk": 9,
    "fields": {
        "title": "Apple",
        "image": "categories/category_Apple/iPhone.jpeg",
        "subcategories": 8,
        "slug": "apple",
        "tags": [
            8,
            11,
            15,
            16
        ]
    }
},
{
    "model": "shopapp.category",
    "pk": 10,
    "fields": {
        "title": "Планшеты",
        "image": "categories/category_Планшеты/Планшеты.jpeg",
        "subcategories": 8,
        "slug": "planshetyi",
        "tags": [
            8,
            14,
            11,
            12,
            15,
            9,
            13
        ]
    }
},
{
    "model": "shopapp.category",
    "pk": 11,
    "fields": {
        "title": "Доставка",
        "image": "",
        "subcategories": null,
        "slug": "dostavka",
        "tags": []
    }
},
{
    "model": "shopapp.product",
    "pk": 1,
    "fields": {
        "category": 9,
        "price": "67399.00",
        "count": 12,
        "date": "2024-11-01T18:43:11.074Z",
        "title": "Смартфон Apple IPhone 13 128Gb зеленый",
        "description": "Данная модель могла быть предварительно активирована. Является абсолютно новой, не проходила процедуру привязки аккаунта Apple ID. Обращаем ваше внимание, указанная выше информация не влияет на потребительские характеристики, функциональность и гаран",
        "fullDescription": "Смартфон Apple IPhone 13 128Gb оснащен мощным шестиядерным процессором A15 Bionic, способным быстро обработать большое количество данных. За счет этого обеспечивается стабильно высокая производительность устройства, что необходимо для запуска ресурсоемких программ. Благодаря 4 Гб оперативной памяти модель характеризуется оптимальным уровнем быстродействия системы. Это поможет предотвратить возможное зависание устройства в режиме многозадачности. Модель способна продолжительное время автономно функционировать от встроенного аккумулятора с большим рабочим резервом.\r\nСмартфон оснащен 6,1-дюймовым дисплеем Super Retina XDR с матрицей типа OLED, к достоинствам которого относятся высокая яркость, точная передача цветов и широкий угол обзора. Разрешение экрана составляет 2532×1179 пикселей, что способствует созданию максимально комфортных условий для просмотра фотографий и видео. Устройство имеет систему, состоящую из двух основных камер и технологию стабилизации изображения. За счет этого пользователь может делать качественные снимки, находясь в движении и при слабом освещении. Фронтальная камера с разрешением 12 Мп обеспечивает стабильную работу сканера Face ID и комфорт при общении в видеочате.\r\nДля восполнения ресурса АКБ смартфона можно использовать как разъем Lightning, так и беспроводную зарядку, соответствующую стандарту Qi. Корпус модели произведен с использованием алюминия и относится к классу пылевлагозащиты IP68. Благодаря этому значительно снижается риск поломки устройства при погружении под воду на глубину до 6 м. Дисплей имеет олеофобное покрытие, устойчивое к появлению следов от пальцев. Для соединения с компьютером смартфон комплектуется кабелем USB Type-C/Lightning.",
        "freeDelivery": false,
        "slug": "smartfon-apple-iphone-13-128gb-zelenyij",
        "tags": [
            11,
            15,
            10
        ]
    }
},
{
    "model": "shopapp.product",
    "pk": 2,
    "fields": {
        "category": 9,
        "price": "124990.00",
        "count": 6,
        "date": "2024-11-10T09:53:32.118Z",
        "title": "Apple iPhone 16 256GB White sim+esim",
        "description": "Смартфон Apple iPhone 16 nanoSim/eSim White получил 6,1-дюймовый дисплей разрешением 1179x2556 пикселей, выполненный по технологии Super Retina XDR, которая отличается высочайшей точностью цветопередачи.",
        "fullDescription": "Представляем вашему вниманию iPhone 16 — смартфон, который сочетает в себе передовые технологии, элегантный дизайн и выдающуюся производительность. Этот флагман от Apple создан для тех, кто ищет надежное устройство с высокими функциональными возможностями и стильным внешним видом\r\nПреимущества\r\nВысокая производительность: Оснащен процессором A18 Bionic, который обеспечивает молниеносную скорость работы и эффективность для любых задач, от игр до профессиональных приложений.\r\nПотрясающий дисплей: 6.1-дюймовый Super Retina XDR экран с ProMotion и частотой обновления до 120 Гц для плавного отображения контента и ярких цветов.\r\nУсовершенствованная система камер: Двойная камера с возможностью съемки в условиях низкой освещенности и поддержкой ProRAW, идеально подходящая для создания профессиональных фотографий.\r\nДолговечная батарея: Продолжительное время работы без подзарядки позволяет оставаться на связи весь день.\r\nОтличительные особенности\r\nDynamic Island: Инновационное решение для отображения уведомлений и взаимодействия с приложениями без прерывания вашего контента.\r\nВодонепроницаемость: Защита по стандарту IP68 позволяет использовать устройство в различных условиях без страха повреждений.\r\nFace ID: Безопасная аутентификация с помощью распознавания лица для защиты ваших данных.\r\nПоддержка 5G: Быстрый интернет для стриминга, загрузок и онлайн-игр.\r\niPhone 16 — это не просто смартфон; это мощный инструмент для тех, кто ценит качество и инновации. С его помощью вы сможете наслаждаться всеми преимуществами современных технологий в элегантном и стильном формате. Не упустите возможность стать обладателем этого выдающегося устройства!",
        "freeDelivery": true,
        "slug": "apple-iphone-16-256gb-white-simesim",
        "tags": [
            11,
            15
        ]
    }
},
{
    "model": "shopapp.product",
    "pk": 3,
    "fields": {
        "category": 4,
        "price": "139990.00",
        "count": 6,
        "date": "2024-11-10T10:10:46.807Z",
        "title": "Samsung Galaxy S24 Ultra EU 12/1 ТБ, фиолетовый",
        "description": "Смартфон, стилус S Pen, инструмент для извлечения лотка SIM, кабель USB-C.",
        "fullDescription": "Смартфон оснащен процессором Qualcomm Snapdragon 8 Gen 3 с тактовой частотой 3.39 ГГц. При этом общее количество CPU – 8 шт. Графика на устройстве работает на базе видеопроцессора Adreno 750.\r\n\r\nимеет 1024 ГБ встроенной памяти и 12 ГБ оперативной.\r\n\r\nСмартфон работает на базе операционной системы Android 14.\r\n\r\nОсновных камер на устройстве 4 шт., разрешением 200 Мп, 12 Мп, 10 Мп, Максимальное разрешение видео - 8K. Фронтальных камер – 1 шт., разрешением 12 Мп\r\n\r\nАккумулятор объемом 5000 мАч, несъемный. Для зарядки используется разъем USB Type-C. Функция быстрой зарядки – есть, беспроводная зарядка – есть.\r\n\r\nDynamic LTPO AMOLED 2X экран имеет диагональ 6.8 дюйм, с разрешением 3088х1440 пикселей и частотой 120 Гц.\r\nПри этом плотность пикселей данного экрана составляет 501 PPI. Соотношение сторон экрана – 19.3:9.\r\n\r\nУстройство может работать с 2 шт SIM-картами (Dual nanoSim).\r\nСмартфон поддерживает все современные стандарты мобильной связи, а именно 5G.\r\nА также все современные стандарты спутниковой навигации — ГЛОНАСС.\r\nЕсть поддержка Wi-Fi.\r\n\r\nТелефон представляет из себя моноблок, размером 70.5x147.7x7.6 мм., весом 232 г\r\nПод наушники используется разъем USB Type-C.",
        "freeDelivery": false,
        "slug": "samsung-galaxy-s24-ultra-eu-121-tb-fioletovyij",
        "tags": [
            8,
            14,
            13
        ]
    }
},
{
    "model": "shopapp.product",
    "pk": 4,
    "fields": {
        "category": 4,
        "price": "19990.00",
        "count": 3,
        "date": "2024-11-13T18:21:59.562Z",
        "title": "HUAWEI nova 12i Ростест (EAC) 8/256 ГБ, зеленый",
        "description": "Смартфон (со встроенной батареей) × 1, адаптер питания × 1, кабель Type-C × 1, гибкий защитный прозрачный чехол × 1, краткое руководство пользователя × 1, инструмент для извлечения карт × 1, защитная пленка для экрана (наклеена на смартфон) × 1",
        "fullDescription": "Смартфон Huawei Nova 12i Black обладает LCD-экраном диагональю 6,7 дюйма разрешением 1080x2388 пикселей, частота обновления достигает 90 Гц, что позволяет получить яркое и четкое изображение и плавное отображение любого динамичного контента. Смартфон получил восьмиядерный процессор Qualcomm Snapdragon 680 и 8 Гб оперативной памяти и эффективно справляется с повседневными задачами и многими современными играми. Для установки необходимых приложений, хранения фото, видео и прочих файлов предусмотрено 256 Гб встроенной памяти. Тыловая камера двойная и состоит из основной на 108 Мп и объектива для изменения глубины резкости на 2 Мп. Камера может снимать видео в качестве до Full HD. Разрешение фронтальной камеры — 8 Мп, доступен портретный режим, съемка по таймеру. Автономную работу обеспечивает аккумулятор емкостью 5000 мА*ч, поддерживается быстрая зарядка 40 Вт. Интерфейс подключения — USB Type-C. Смартфон работает в сетях до 4G LTE, оснащен модулями Wi-Fi и Bluetooth для выхода в интернет и обмена данными с совместимыми устройствами, NFC для бесконтактной оплаты, GPS для ориентирования и прокладывания маршрута в незнакомом месте",
        "freeDelivery": false,
        "slug": "huawei-nova-12i-rostest-eac-8256-gb-zelenyij",
        "tags": [
            14,
            12
        ]
    }
},
{
    "model": "shopapp.product",
    "pk": 5,
    "fields": {
        "category": 10,
        "price": "44999.00",
        "count": 9,
        "date": "2024-11-13T18:37:20.379Z",
        "title": "HUAWEI MatePad 11,5”S PaperMatte, 11.5\" 8 ГБ/256 ГБ, сиреневый",
        "description": "Планшет x1, адаптер питания x1, кабель USB Type-C x1, краткое руководство пользователя x1, гарантийный талон x1, клавиатура x1",
        "fullDescription": "Планшет Huawei MatePad 11.5\"S 8/256GB PaperMatte 53014CAT весит всего 515 г, отличается компактностью и удобен для использования в дороге, поездке или путешествии. • Частота обновления — 144 Гц Кадры сменяются быстро, незаметно для глаз, поэтому графика воспроизводится плавно, без рывков и задержек, что обеспечивает комфортный просмотр. • Высокая производительность Модель оснащена восьмиядерным процессором и оперативной памятью объемом 8 ГБ, поэтому рассчитана на высокие нагрузки. Скорость работы не снижается даже в многозадачном режиме. • Аккумулятор емкостью 8800 мА*ч Устройство способно проработать до 10 ч на одном заряде. • Четыре встроенных динамика Аудиосистема воспроизводит объемный, реалистичный и качественный звук. • Экран с технологией IPS Дисплей данного типа отличается широким углом обзора, высокими показателями яркости, цветопередачи и контрастности. Максимальное разрешение изображения — 2800x1840 пикс. На модель установлена операционная система HarmonyOS 4.2. Во внутренней памяти можно хранить до 256 ГБ данных. Устройство дополнено модулями Wi-Fi, Bluetooth и интерфейсами USB-C и USB 3.0 тип C. Планшет оснащен двумя камерами: основной разрешением 13 Мп и фронтальной — 8 Мп. Диагональ экрана — 11,518\". Для общения предусмотрен встроенный микрофон. В комплекте блок питания и кабель USB.",
        "freeDelivery": false,
        "slug": "huawei-matepad-115s-papermatte-115-8-gb256-gb-sirenevyij",
        "tags": [
            14,
            12
        ]
    }
},
{
    "model": "shopapp.product",
    "pk": 6,
    "fields": {
        "category": 3,
        "price": "62205.00",
        "count": 6,
        "date": "2024-11-13T18:54:06.682Z",
        "title": "HUAWEI 53013WXF Ноутбук 16\", Intel Core i5-12450H, RAM 16 ГБ, SSD 512 ГБ, Intel UHD Graphics",
        "description": "Ноутбук Huawei создан для тех, кто хочет получить надежное компьютерное устройство с наиболее востребованным функционалом. Аппаратная платформа данной модели построена на базе процессора Intel и интегрированного видеоадаптера . Предоставляет возможно",
        "fullDescription": "Ноутбук Huawei MateBook E DRC-W56 оборудован четырехъядерным процессором Intel Core i5 1130G7 с тактовой частотой 1,8 ГГц. Кэш-память, которая отвечает за хранение копий данных, равна 8 Мб. Для обработки и подготовки графики к выводу на дисплей предусмотрен видеопроцессор Intel Iris Xe Graphics. Оперативная память объемом 16 Гб относится к типу LPDDR4X. Частота памяти составляет 3733 МГц. В качестве накопителя выступает SSD на 512 Гб. За безопасность отвечает встроенный сканер отпечатков пальцев. 12,6-дюймовый безрамочный сенсорный экран модели с глянцевой поверхностью поддерживает разрешение 2560х1600 пикселей. Он произведен с использованием технологии OLED, для которой характерны реалистичная цветопередача, высокая яркость и контрастность. Для передачи и приема данных без использования проводов установлены модули Wi-Fi стандарта a/b/g/n/ac/ax и Bluetooth (версия 5.1). Модель работает на базе операционной системы Windows 11 «Домашняя». При необходимости к устройству можно подключить наушники или микрофон — для этого предусмотрен соответствующий разъем jack 3,5 мм. Также есть порт USB 4 тип C/Thunderbolt 4. Питание осуществляется от встроенного аккумулятора емкостью 3665 мА*ч, который гарантирует работу в автономном режиме до 7 часов. Устройство характеризуется компактными размерами 184,7х286,5х7,99 мм, что упрощает его транспортировку.",
        "freeDelivery": false,
        "slug": "huawei-53013wxf-noutbuk-16-intel-core-i5-12450h-ram-16-gb-ssd-512-gb-intel-uhd-graphics",
        "tags": [
            12,
            9,
            4,
            1
        ]
    }
},
{
    "model": "shopapp.product",
    "pk": 7,
    "fields": {
        "category": 6,
        "price": "91990.00",
        "count": 4,
        "date": "2024-11-13T19:15:59.887Z",
        "title": "Apple MacBook Air Ноутбук 13.3\", Apple M1 (8C CPU, 7C GPU), RAM 8 ГБ, SSD 256 ГБ, Apple M1, MacOS, (MGN93RU/A)",
        "description": "Ноутбук, адаптер питания, кабель USB-C для зарядки, документация",
        "fullDescription": "Apple MacBook Air на базе чипа M2 - поразительно тонкий и обеспечивает исключительную скорость и энергоэффективность в прочном алюминиевом корпусе. Это ультрапортативный, сверхмощный ноутбук, который позволяет вам работать, играть или создавать практически что угодно и где угодно.",
        "freeDelivery": true,
        "slug": "apple-macbook-air-noutbuk-133-apple-m1-8c-cpu-7c-gpu-ram-8-gb-ssd-256-gb-apple-m1-macos-mgn93rua",
        "tags": [
            11,
            7,
            2
        ]
    }
},
{
    "model": "shopapp.product",
    "pk": 8,
    "fields": {
        "category": 7,
        "price": "737.00",
        "count": 14,
        "date": "2024-11-13T19:26:14.808Z",
        "title": "PATRIOT Оперативная память PSD34G13332 1x4 ГБ (PSD34G13332)",
        "description": "Оперативная память",
        "fullDescription": "4-гигабайтная оперативная память Patriot будет полезна при использовании в производительных офисных и домашних компьютерах. Модуль памяти работает с тактовой частотой 1333 МГц. Поддерживаются частоты 800 МГц и 1066 МГц. Пропускная способность устройства составляет 10600 МБ/с. Высота модуля памяти равна 31 мм. Модель соответствует типу DDR3.",
        "freeDelivery": false,
        "slug": "patriot-operativnaya-pamyat-psd34g13332-1x4-gb-psd34g13332",
        "tags": [
            17
        ]
    }
},
{
    "model": "shopapp.product",
    "pk": 9,
    "fields": {
        "category": 11,
        "price": "500.00",
        "count": 0,
        "date": "2024-11-30T15:24:52.491Z",
        "title": "Экспресс-доставка",
        "description": "Экспресс-доставка за дополнительную плату",
        "fullDescription": "",
        "freeDelivery": false,
        "slug": "ekspress-dostavka",
        "tags": [
            18
        ]
    }
},
{
    "model": "shopapp.product",
    "pk": 10,
    "fields": {
        "category": 11,
        "price": "200.00",
        "count": 0,
        "date": "2024-11-30T17:24:43.683Z",
        "title": "Доставка",
        "description": "Доставка",
        "fullDescription": "",
        "freeDelivery": false,
        "slug": "dostavka",
        "tags": [
            18
        ]
    }
},
{
    "model": "shopapp.product",
    "pk": 11,
    "fields": {
        "category": 11,
        "price": "0.00",
        "count": 0,
        "date": "2024-12-01T06:53:33.676Z",
        "title": "Бесплатная доставка",
        "description": "Бесплатная доставка",
        "fullDescription": "",
        "freeDelivery": false,
        "slug": "besplatnaya-dostavka",
        "tags": [
            18
        ]
    }
},
{
    "model": "shopapp.productimage",
    "pk": 1,
    "fields": {
        "product": 1,
        "src": "products/product_1/1.jpg",
        "alt": "Смартфон Apple IPhone 13 128Gb зеленый_1"
    }
},
{
    "model": "shopapp.productimage",
    "pk": 2,
    "fields": {
        "product": 1,
        "src": "products/product_1/2.jpg",
        "alt": "Смартфон Apple IPhone 13 128Gb зеленый_2"
    }
},
{
    "model": "shopapp.productimage",
    "pk": 3,
    "fields": {
        "product": 1,
        "src": "products/product_1/3.jpg",
        "alt": "Смартфон Apple IPhone 13 128Gb зеленый_3"
    }
},
{
    "model": "shopapp.productimage",
    "pk": 4,
    "fields": {
        "product": 1,
        "src": "products/product_1/4.jpg",
        "alt": "Смартфон Apple IPhone 13 128Gb зеленый_4"
    }
},
{
    "model": "shopapp.productimage",
    "pk": 5,
    "fields": {
        "product": 2,
        "src": "products/product_2/1_K73f6F4.jpeg",
        "alt": "Apple iPhone 16 256GB White sim+esim_1"
    }
},
{
    "model": "shopapp.productimage",
    "pk": 6,
    "fields": {
        "product": 2,
        "src": "products/product_2/2_2wSQEN9.jpeg",
        "alt": "Apple iPhone 16 256GB White sim+esim_2"
    }
},
{
    "model": "shopapp.productimage",
    "pk": 7,
    "fields": {
        "product": 2,
        "src": "products/product_2/3_RD1vUQO.jpeg",
        "alt": "Apple iPhone 16 256GB White sim+esim_3"
    }
},
{
    "model": "shopapp.productimage",
    "pk": 8,
    "fields": {
        "product": 2,
        "src": "products/product_2/4_rM4PjUN.jpeg",
        "alt": "Apple iPhone 16 256GB White sim+esim_4"
    }
},
{
    "model": "shopapp.productimage",
    "pk": 9,
    "fields": {
        "product": 3,
        "src": "products/product_3/1_SH79ZFj.jpeg",
        "alt": "Samsung Смартфон Galaxy S24 Ultra EU 121 ТБ, фиолетовый_1"
    }
},
{
    "model": "shopapp.productimage",
    "pk": 10,
    "fields": {
        "product": 3,
        "src": "products/product_3/2_P12K2Lw.jpeg",
        "alt": "Samsung Смартфон Galaxy S24 Ultra EU 121 ТБ, фиолетовый_2"
    }
},
{
    "model": "shopapp.productimage",
    "pk": 11,
    "fields": {
        "product": 3,
        "src": "products/product_3/3_5ysa8qF.jpeg",
        "alt": "Samsung Смартфон Galaxy S24 Ultra EU 121 ТБ, фиолетовый_3"
    }
},
{
    "model": "shopapp.productimage",
    "pk": 12,
    "fields": {
        "product": 3,
        "src": "products/product_3/4_8gXCcH9.jpeg",
        "alt": "Samsung Смартфон Galaxy S24 Ultra EU 121 ТБ, фиолетовый_4"
    }
},
{
    "model": "shopapp.productimage",
    "pk": 13,
    "fields": {
        "product": 4,
        "src": "products/product_4/1.jpeg",
        "alt": "HUAWEI nova 12i Ростест (EAC) 8/256 ГБ, зеленый_1"
    }
},
{
    "model": "shopapp.productimage",
    "pk": 14,
    "fields": {
        "product": 4,
        "src": "products/product_4/2.jpeg",
        "alt": "HUAWEI nova 12i Ростест (EAC) 8/256 ГБ, зеленый_2"
    }
},
{
    "model": "shopapp.productimage",
    "pk": 15,
    "fields": {
        "product": 4,
        "src": "products/product_4/3.jpeg",
        "alt": "HUAWEI nova 12i Ростест (EAC) 8/256 ГБ, зеленый_3"
    }
},
{
    "model": "shopapp.productimage",
    "pk": 16,
    "fields": {
        "product": 5,
        "src": "products/product_5/1.jpeg",
        "alt": "HUAWEI MatePad 11,5”S PaperMatte, 11.5\" 8 ГБ/256 ГБ, сиреневый_1"
    }
},
{
    "model": "shopapp.productimage",
    "pk": 17,
    "fields": {
        "product": 5,
        "src": "products/product_5/2.jpeg",
        "alt": "HUAWEI MatePad 11,5”S PaperMatte, 11.5\" 8 ГБ/256 ГБ, сиреневый_2"
    }
},
{
    "model": "shopapp.productimage",
    "pk": 18,
    "fields": {
        "product": 5,
        "src": "products/product_5/3.jpeg",
        "alt": "HUAWEI MatePad 11,5”S PaperMatte, 11.5\" 8 ГБ/256 ГБ, сиреневый_3"
    }
},
{
    "model": "shopapp.productimage",
    "pk": 19,
    "fields": {
        "product": 5,
        "src": "products/product_5/4.jpeg",
        "alt": "HUAWEI MatePad 11,5”S PaperMatte, 11.5\" 8 ГБ/256 ГБ, сиреневый_4"
    }
},
{
    "model": "shopapp.productimage",
    "pk": 20,
    "fields": {
        "product": 6,
        "src": "products/product_6/1.jpeg",
        "alt": "HUAWEI 53013WXF Ноутбук 16\", Intel Core i5-12450H, RAM 16 ГБ, SSD 512 ГБ, Intel UHD Graphics_1"
    }
},
{
    "model": "shopapp.productimage",
    "pk": 21,
    "fields": {
        "product": 6,
        "src": "products/product_6/2.jpeg",
        "alt": "HUAWEI 53013WXF Ноутбук 16\", Intel Core i5-12450H, RAM 16 ГБ, SSD 512 ГБ, Intel UHD Graphics_2"
    }
},
{
    "model": "shopapp.productimage",
    "pk": 22,
    "fields": {
        "product": 6,
        "src": "products/product_6/3.jpeg",
        "alt": "HUAWEI 53013WXF Ноутбук 16\", Intel Core i5-12450H, RAM 16 ГБ, SSD 512 ГБ, Intel UHD Graphics_3"
    }
},
{
    "model": "shopapp.productimage",
    "pk": 23,
    "fields": {
        "product": 6,
        "src": "products/product_6/4.jpeg",
        "alt": "HUAWEI 53013WXF Ноутбук 16\", Intel Core i5-12450H, RAM 16 ГБ, SSD 512 ГБ, Intel UHD Graphics_4"
    }
},
{
    "model": "shopapp.productimage",
    "pk": 24,
    "fields": {
        "product": 7,
        "src": "products/product_7/1.jpeg",
        "alt": "Apple MacBook Air Ноутбук 13.3\", Apple M1 (8C CPU, 7C GPU), RAM 8 ГБ, SSD 256 ГБ, Apple M1, MacOS, (MGN93RU/A)_1"
    }
},
{
    "model": "shopapp.productimage",
    "pk": 25,
    "fields": {
        "product": 7,
        "src": "products/product_7/2.jpeg",
        "alt": "Apple MacBook Air Ноутбук 13.3\", Apple M1 (8C CPU, 7C GPU), RAM 8 ГБ, SSD 256 ГБ, Apple M1, MacOS, (MGN93RU/A)_2"
    }
},
{
    "model": "shopapp.productimage",
    "pk": 26,
    "fields": {
        "product": 7,
        "src": "products/product_7/3.jpeg",
        "alt": "Apple MacBook Air Ноутбук 13.3\", Apple M1 (8C CPU, 7C GPU), RAM 8 ГБ, SSD 256 ГБ, Apple M1, MacOS, (MGN93RU/A)_3"
    }
},
{
    "model": "shopapp.productimage",
    "pk": 27,
    "fields": {
        "product": 7,
        "src": "products/product_7/4.jpeg",
        "alt": "Apple MacBook Air Ноутбук 13.3\", Apple M1 (8C CPU, 7C GPU), RAM 8 ГБ, SSD 256 ГБ, Apple M1, MacOS, (MGN93RU/A)_4"
    }
},
{
    "model": "shopapp.productimage",
    "pk": 28,
    "fields": {
        "product": 8,
        "src": "products/product_8/1.jpeg",
        "alt": "PATRIOT Оперативная память PSD34G13332 1x4 ГБ (PSD34G13332)_1"
    }
},
{
    "model": "shopapp.productimage",
    "pk": 29,
    "fields": {
        "product": 8,
        "src": "products/product_8/2.jpeg",
        "alt": "PATRIOT Оперативная память PSD34G13332 1x4 ГБ (PSD34G13332)_2"
    }
},
{
    "model": "shopapp.productimage",
    "pk": 30,
    "fields": {
        "product": 8,
        "src": "products/product_8/3.jpeg",
        "alt": "PATRIOT Оперативная память PSD34G13332 1x4 ГБ (PSD34G13332)_3"
    }
},
{
    "model": "shopapp.productimage",
    "pk": 31,
    "fields": {
        "product": 9,
        "src": "products/product_9/express_delivery.png",
        "alt": "Экспресс-доставка"
    }
},
{
    "model": "shopapp.productimage",
    "pk": 32,
    "fields": {
        "product": 10,
        "src": "products/product_10/delivery.png",
        "alt": "Доставка"
    }
},
{
    "model": "shopapp.productimage",
    "pk": 33,
    "fields": {
        "product": 11,
        "src": "products/product_11/free_delivery.jpg",
        "alt": "Бесплатная доставка"
    }
},
{
    "model": "shopapp.review",
    "pk": 1,
    "fields": {
        "author": [
            "Sem"
        ],
        "product": 1,
        "text": "Несмотря на то, что модель не этого года и даже не прошлого, она все еще в тренде и все еще одна из лучших на рынке. Все ключевые показатели на высоком уровне. Отдельно отмечу камеру – фото живые, резкие. Красиво отрабатывает при ночной съемке. Для видеосъемки тоже масса крутых фишек, в том числе киноэффект. Батарея стандартная для айфона – на день хватает и то хорошо.",
        "rate": 5,
        "date": "2024-11-02T08:29:48.320Z"
    }
},
{
    "model": "shopapp.review",
    "pk": 2,
    "fields": {
        "author": [
            "Sem"
        ],
        "product": 1,
        "text": "Товар неплохой",
        "rate": 4,
        "date": "2024-11-09T15:07:02.163Z"
    }
},
{
    "model": "shopapp.review",
    "pk": 3,
    "fields": {
        "author": [
            "Tom"
        ],
        "product": 3,
        "text": "Товар не очень",
        "rate": 3,
        "date": "2024-11-12T15:11:17.039Z"
    }
},
{
    "model": "shopapp.review",
    "pk": 4,
    "fields": {
        "author": [
            "Tom"
        ],
        "product": 2,
        "text": "Товар очень хороший",
        "rate": 5,
        "date": "2024-11-12T15:12:51.223Z"
    }
},
{
    "model": "shopapp.specification",
    "pk": 1,
    "fields": {
        "name": "Тип экрана",
        "value": "OLED, сенсорный",
        "product": 1
    }
},
{
    "model": "shopapp.specification",
    "pk": 2,
    "fields": {
        "name": "Диагональ",
        "value": "6.1\"",
        "product": 1
    }
},
{
    "model": "shopapp.specification",
    "pk": 3,
    "fields": {
        "name": "Процессор",
        "value": "Apple A15 Bionic",
        "product": 1
    }
},
{
    "model": "shopapp.specification",
    "pk": 4,
    "fields": {
        "name": "Диагональ",
        "value": "6.10",
        "product": 2
    }
},
{
    "model": "shopapp.specification",
    "pk": 5,
    "fields": {
        "name": "Технология матрицы",
        "value": "Super Retina XDR",
        "product": 2
    }
},
{
    "model": "shopapp.specification",
    "pk": 6,
    "fields": {
        "name": "Оперативная память",
        "value": "16 ГБ",
        "product": 2
    }
},
{
    "model": "shopapp.specification",
    "pk": 7,
    "fields": {
        "name": "Встроенная память",
        "value": "256 ГБ",
        "product": 2
    }
},
{
    "model": "shopapp.specification",
    "pk": 8,
    "fields": {
        "name": "Процессор",
        "value": "Snapdragon 8 Gen3 (8 ядер), 3.3 ГГц",
        "product": 3
    }
},
{
    "model": "shopapp.specification",
    "pk": 9,
    "fields": {
        "name": "Число ядер процессора",
        "value": "8",
        "product": 3
    }
},
{
    "model": "shopapp.specification",
    "pk": 10,
    "fields": {
        "name": "Оперативная память",
        "value": "12 ГБ",
        "product": 3
    }
},
{
    "model": "shopapp.specification",
    "pk": 11,
    "fields": {
        "name": "Встроенная память",
        "value": "1 ТБ",
        "product": 3
    }
},
{
    "model": "shopapp.specification",
    "pk": 12,
    "fields": {
        "name": "Диагональ экрана, дюймы",
        "value": "6.8",
        "product": 3
    }
},
{
    "model": "shopapp.specification",
    "pk": 13,
    "fields": {
        "name": "Технология матрицы",
        "value": "Dynamic AMOLED 2X",
        "product": 3
    }
},
{
    "model": "shopapp.specification",
    "pk": 14,
    "fields": {
        "name": "Версия Android",
        "value": "Android 14",
        "product": 3
    }
},
{
    "model": "shopapp.specification",
    "pk": 44,
    "fields": {
        "name": "Процессор",
        "value": "Snapdragon 680 (8 ядер), 2.4 ГГц",
        "product": 4
    }
},
{
    "model": "shopapp.specification",
    "pk": 45,
    "fields": {
        "name": "Оперативная память",
        "value": "8 Гб",
        "product": 4
    }
},
{
    "model": "shopapp.specification",
    "pk": 46,
    "fields": {
        "name": "Встроенная память",
        "value": "256 Гб",
        "product": 4
    }
},
{
    "model": "shopapp.specification",
    "pk": 47,
    "fields": {
        "name": "Диагональ экрана, дюймы",
        "value": "6.7",
        "product": 4
    }
},
{
    "model": "shopapp.specification",
    "pk": 48,
    "fields": {
        "name": "Технология матрицы",
        "value": "LCD",
        "product": 4
    }
},
{
    "model": "shopapp.specification",
    "pk": 49,
    "fields": {
        "name": "Диагональ экрана, дюймы",
        "value": "11.50",
        "product": 5
    }
},
{
    "model": "shopapp.specification",
    "pk": 50,
    "fields": {
        "name": "Технология матрицы",
        "value": "LCD",
        "product": 5
    }
},
{
    "model": "shopapp.specification",
    "pk": 51,
    "fields": {
        "name": "Процессор",
        "value": "Kirin 9000S1 (8 ядер)",
        "product": 5
    }
},
{
    "model": "shopapp.specification",
    "pk": 52,
    "fields": {
        "name": "Емкость аккумулятора, мАч",
        "value": "8800",
        "product": 5
    }
},
{
    "model": "shopapp.specification",
    "pk": 53,
    "fields": {
        "name": "Процессор",
        "value": "Intel Core i5-12450H",
        "product": 6
    }
},
{
    "model": "shopapp.specification",
    "pk": 54,
    "fields": {
        "name": "Частота процессора, ГГц",
        "value": "3.3",
        "product": 6
    }
},
{
    "model": "shopapp.specification",
    "pk": 55,
    "fields": {
        "name": "Число ядер процессора",
        "value": "8 Гб",
        "product": 6
    }
},
{
    "model": "shopapp.specification",
    "pk": 56,
    "fields": {
        "name": "Общий объем SSD",
        "value": "512 Гб",
        "product": 6
    }
},
{
    "model": "shopapp.specification",
    "pk": 57,
    "fields": {
        "name": "Операционная система",
        "value": "Windows Home",
        "product": 6
    }
},
{
    "model": "shopapp.specification",
    "pk": 58,
    "fields": {
        "name": "Оперативная память",
        "value": "16 ГБ",
        "product": 6
    }
},
{
    "model": "shopapp.specification",
    "pk": 59,
    "fields": {
        "name": "Технология матрицы",
        "value": "IPS",
        "product": 6
    }
},
{
    "model": "shopapp.specification",
    "pk": 60,
    "fields": {
        "name": "Процессор",
        "value": "Apple M1 (8C CPU, 7C GPU)",
        "product": 7
    }
},
{
    "model": "shopapp.specification",
    "pk": 61,
    "fields": {
        "name": "Число ядер процессора",
        "value": "8",
        "product": 7
    }
},
{
    "model": "shopapp.specification",
    "pk": 62,
    "fields": {
        "name": "Оперативная память",
        "value": "8 ГБ",
        "product": 7
    }
},
{
    "model": "shopapp.specification",
    "pk": 63,
    "fields": {
        "name": "Диагональ экрана, дюймы",
        "value": "13.3",
        "product": 7
    }
},
{
    "model": "shopapp.specification",
    "pk": 64,
    "fields": {
        "name": "Операционная система",
        "value": "MacOS",
        "product": 7
    }
},
{
    "model": "shopapp.specification",
    "pk": 65,
    "fields": {
        "name": "Суммарный объем памяти",
        "value": "4 Гб",
        "product": 8
    }
},
{
    "model": "shopapp.specification",
    "pk": 66,
    "fields": {
        "name": "Тип памяти",
        "value": "DDR3",
        "product": 8
    }
},
{
    "model": "shopapp.specification",
    "pk": 67,
    "fields": {
        "name": "Пропускная способность, Мб/с",
        "value": "10664",
        "product": 8
    }
},
{
    "model": "shopapp.specification",
    "pk": 68,
    "fields": {
        "name": "Сумма заказа",
        "value": "2000",
        "product": 10
    }
},
{
    "model": "shopapp.sales",
    "pk": 1,
    "fields": {
        "product": 2,
        "salePrice": "106240.99",
        "dateFrom": "2024-11-30T21:00:00Z",
        "dateTo": "2024-12-15T21:00:00Z"
    }
},
{
    "model": "shopapp.sales",
    "pk": 2,
    "fields": {
        "product": 5,
        "salePrice": "41999.00",
        "dateFrom": "2024-11-30T21:00:00Z",
        "dateTo": "2024-12-15T21:00:00Z"
    }
},
{
    "model": "orders.order",
    "pk": 1,
    "fields": {
        "created_at": "2024-11-30T14:09:52.718Z",
        "user": [
            "Sem"
        ],
        "delivery_type": "ordinary",
        "payment_type": "online",
        "total_cost": "139990.00",
        "status": "created",
        "city": "",
        "address": ""
    }
},
{
    "model": "orders.order",
    "pk": 2,
    "fields": {
        "created_at": "2024-11-30T14:11:33.799Z",
        "user": [
            "Sem"
        ],
        "delivery_type": "ordinary",
        "payment_type": "online",
        "total_cost": "62205.00",
        "status": "paid",
        "city": "Tambov",
        "address": "Sovetskay 10"
    }
},
{
    "model": "orders.orderinfobasket",
    "pk": 1,
    "fields": {
        "order": 1,
        "product": 3,
        "count_in_order": 1,
        "price_in_order": "139990.00"
    }
},
{
    "model": "orders.orderinfobasket",
    "pk": 2,
    "fields": {
        "order": 2,
        "product": 6,
        "count_in_order": 1,
        "price_in_order": "62205.00"
    }
},
{
    "model": "admin.logentry",
    "pk": 1,
    "fields": {
        "action_time": "2024-11-01T15:37:39.150Z",
        "user": [
            "admin"
        ],
        "content_type": [
            "shopapp",
            "tag"
        ],
        "object_id": "1",
        "object_repr": "Tag object (1)",
        "action_flag": 1,
        "change_message": "[{\"added\": {}}]"
    }
},
{
    "model": "admin.logentry",
    "pk": 2,
    "fields": {
        "action_time": "2024-11-01T18:00:53.104Z",
        "user": [
            "admin"
        ],
        "content_type": [
            "shopapp",
            "tag"
        ],
        "object_id": "2",
        "object_repr": "ультрабук",
        "action_flag": 1,
        "change_message": "[{\"added\": {}}]"
    }
},
{
    "model": "admin.logentry",
    "pk": 3,
    "fields": {
        "action_time": "2024-11-01T18:01:01.930Z",
        "user": [
            "admin"
        ],
        "content_type": [
            "shopapp",
            "tag"
        ],
        "object_id": "1",
        "object_repr": "ноутбук",
        "action_flag": 2,
        "change_message": "[{\"changed\": {\"fields\": [\"Name\"]}}]"
    }
},
{
    "model": "admin.logentry",
    "pk": 4,
    "fields": {
        "action_time": "2024-11-01T18:01:20.133Z",
        "user": [
            "admin"
        ],
        "content_type": [
            "shopapp",
            "tag"
        ],
        "object_id": "3",
        "object_repr": "ноутбук-трансформер",
        "action_flag": 1,
        "change_message": "[{\"added\": {}}]"
    }
},
{
    "model": "admin.logentry",
    "pk": 5,
    "fields": {
        "action_time": "2024-11-01T18:01:32.743Z",
        "user": [
            "admin"
        ],
        "content_type": [
            "shopapp",
            "tag"
        ],
        "object_id": "4",
        "object_repr": "Windows 10",
        "action_flag": 1,
        "change_message": "[{\"added\": {}}]"
    }
},
{
    "model": "admin.logentry",
    "pk": 6,
    "fields": {
        "action_time": "2024-11-01T18:01:37.831Z",
        "user": [
            "admin"
        ],
        "content_type": [
            "shopapp",
            "tag"
        ],
        "object_id": "5",
        "object_repr": "Windows 11",
        "action_flag": 1,
        "change_message": "[{\"added\": {}}]"
    }
},
{
    "model": "admin.logentry",
    "pk": 7,
    "fields": {
        "action_time": "2024-11-01T18:01:48.946Z",
        "user": [
            "admin"
        ],
        "content_type": [
            "shopapp",
            "tag"
        ],
        "object_id": "6",
        "object_repr": "без ОС",
        "action_flag": 1,
        "change_message": "[{\"added\": {}}]"
    }
},
{
    "model": "admin.logentry",
    "pk": 8,
    "fields": {
        "action_time": "2024-11-01T18:02:00.321Z",
        "user": [
            "admin"
        ],
        "content_type": [
            "shopapp",
            "tag"
        ],
        "object_id": "7",
        "object_repr": "Mac OS",
        "action_flag": 1,
        "change_message": "[{\"added\": {}}]"
    }
},
{
    "model": "admin.logentry",
    "pk": 9,
    "fields": {
        "action_time": "2024-11-01T18:02:13.972Z",
        "user": [
            "admin"
        ],
        "content_type": [
            "shopapp",
            "tag"
        ],
        "object_id": "8",
        "object_repr": "AMOLED",
        "action_flag": 1,
        "change_message": "[{\"added\": {}}]"
    }
},
{
    "model": "admin.logentry",
    "pk": 10,
    "fields": {
        "action_time": "2024-11-01T18:02:20.703Z",
        "user": [
            "admin"
        ],
        "content_type": [
            "shopapp",
            "tag"
        ],
        "object_id": "9",
        "object_repr": "IPS",
        "action_flag": 1,
        "change_message": "[{\"added\": {}}]"
    }
},
{
    "model": "admin.logentry",
    "pk": 11,
    "fields": {
        "action_time": "2024-11-01T18:02:27.721Z",
        "user": [
            "admin"
        ],
        "content_type": [
            "shopapp",
            "tag"
        ],
        "object_id": "10",
        "object_repr": "OLED",
        "action_flag": 1,
        "change_message": "[{\"added\": {}}]"
    }
},
{
    "model": "admin.logentry",
    "pk": 12,
    "fields": {
        "action_time": "2024-11-01T18:02:41.778Z",
        "user": [
            "admin"
        ],
        "content_type": [
            "shopapp",
            "tag"
        ],
        "object_id": "11",
        "object_repr": "Apple",
        "action_flag": 1,
        "change_message": "[{\"added\": {}}]"
    }
},
{
    "model": "admin.logentry",
    "pk": 13,
    "fields": {
        "action_time": "2024-11-01T18:02:49.432Z",
        "user": [
            "admin"
        ],
        "content_type": [
            "shopapp",
            "tag"
        ],
        "object_id": "12",
        "object_repr": "Huawei",
        "action_flag": 1,
        "change_message": "[{\"added\": {}}]"
    }
},
{
    "model": "admin.logentry",
    "pk": 14,
    "fields": {
        "action_time": "2024-11-01T18:02:56.953Z",
        "user": [
            "admin"
        ],
        "content_type": [
            "shopapp",
            "tag"
        ],
        "object_id": "13",
        "object_repr": "Samsung",
        "action_flag": 1,
        "change_message": "[{\"added\": {}}]"
    }
},
{
    "model": "admin.logentry",
    "pk": 15,
    "fields": {
        "action_time": "2024-11-01T18:03:04.124Z",
        "user": [
            "admin"
        ],
        "content_type": [
            "shopapp",
            "tag"
        ],
        "object_id": "14",
        "object_repr": "Android",
        "action_flag": 1,
        "change_message": "[{\"added\": {}}]"
    }
},
{
    "model": "admin.logentry",
    "pk": 16,
    "fields": {
        "action_time": "2024-11-01T18:03:11.514Z",
        "user": [
            "admin"
        ],
        "content_type": [
            "shopapp",
            "tag"
        ],
        "object_id": "15",
        "object_repr": "iOS",
        "action_flag": 1,
        "change_message": "[{\"added\": {}}]"
    }
},
{
    "model": "admin.logentry",
    "pk": 17,
    "fields": {
        "action_time": "2024-11-01T18:16:38.793Z",
        "user": [
            "admin"
        ],
        "content_type": [
            "shopapp",
            "category"
        ],
        "object_id": "1",
        "object_repr": "Ноутбуки",
        "action_flag": 1,
        "change_message": "[{\"added\": {}}]"
    }
},
{
    "model": "admin.logentry",
    "pk": 18,
    "fields": {
        "action_time": "2024-11-01T18:19:09.214Z",
        "user": [
            "admin"
        ],
        "content_type": [
            "shopapp",
            "category"
        ],
        "object_id": "1",
        "object_repr": "Ноутбуки",
        "action_flag": 2,
        "change_message": "[]"
    }
},
{
    "model": "admin.logentry",
    "pk": 19,
    "fields": {
        "action_time": "2024-11-01T18:19:37.293Z",
        "user": [
            "admin"
        ],
        "content_type": [
            "shopapp",
            "category"
        ],
        "object_id": "2",
        "object_repr": "Смартфоны",
        "action_flag": 1,
        "change_message": "[{\"added\": {}}]"
    }
},
{
    "model": "admin.logentry",
    "pk": 20,
    "fields": {
        "action_time": "2024-11-01T18:23:41.034Z",
        "user": [
            "admin"
        ],
        "content_type": [
            "shopapp",
            "category"
        ],
        "object_id": "1",
        "object_repr": "Ноутбуки",
        "action_flag": 3,
        "change_message": ""
    }
},
{
    "model": "admin.logentry",
    "pk": 21,
    "fields": {
        "action_time": "2024-11-01T18:23:41.034Z",
        "user": [
            "admin"
        ],
        "content_type": [
            "shopapp",
            "category"
        ],
        "object_id": "2",
        "object_repr": "Смартфоны",
        "action_flag": 3,
        "change_message": ""
    }
},
{
    "model": "admin.logentry",
    "pk": 22,
    "fields": {
        "action_time": "2024-11-01T18:26:50.870Z",
        "user": [
            "admin"
        ],
        "content_type": [
            "shopapp",
            "category"
        ],
        "object_id": "3",
        "object_repr": "Ноутбуки",
        "action_flag": 1,
        "change_message": "[{\"added\": {}}]"
    }
},
{
    "model": "admin.logentry",
    "pk": 23,
    "fields": {
        "action_time": "2024-11-01T18:27:33.840Z",
        "user": [
            "admin"
        ],
        "content_type": [
            "shopapp",
            "category"
        ],
        "object_id": "4",
        "object_repr": "Смартфоны",
        "action_flag": 1,
        "change_message": "[{\"added\": {}}]"
    }
},
{
    "model": "admin.logentry",
    "pk": 24,
    "fields": {
        "action_time": "2024-11-01T18:43:11.089Z",
        "user": [
            "admin"
        ],
        "content_type": [
            "shopapp",
            "product"
        ],
        "object_id": "1",
        "object_repr": "Смартфон Apple IPhone 13 128Gb зеленый",
        "action_flag": 1,
        "change_message": "[{\"added\": {}}]"
    }
},
{
    "model": "admin.logentry",
    "pk": 25,
    "fields": {
        "action_time": "2024-11-01T18:43:45.707Z",
        "user": [
            "admin"
        ],
        "content_type": [
            "shopapp",
            "productimage"
        ],
        "object_id": "1",
        "object_repr": "ProductImage object (1)",
        "action_flag": 1,
        "change_message": "[{\"added\": {}}]"
    }
},
{
    "model": "admin.logentry",
    "pk": 26,
    "fields": {
        "action_time": "2024-11-01T18:43:58.410Z",
        "user": [
            "admin"
        ],
        "content_type": [
            "shopapp",
            "productimage"
        ],
        "object_id": "2",
        "object_repr": "ProductImage object (2)",
        "action_flag": 1,
        "change_message": "[{\"added\": {}}]"
    }
},
{
    "model": "admin.logentry",
    "pk": 27,
    "fields": {
        "action_time": "2024-11-01T18:45:10.585Z",
        "user": [
            "admin"
        ],
        "content_type": [
            "shopapp",
            "productimage"
        ],
        "object_id": "1",
        "object_repr": "ProductImage object (1)",
        "action_flag": 2,
        "change_message": "[{\"changed\": {\"fields\": [\"Description\"]}}]"
    }
},
{
    "model": "admin.logentry",
    "pk": 28,
    "fields": {
        "action_time": "2024-11-01T18:45:29.809Z",
        "user": [
            "admin"
        ],
        "content_type": [
            "shopapp",
            "productimage"
        ],
        "object_id": "2",
        "object_repr": "ProductImage object (2)",
        "action_flag": 2,
        "change_message": "[{\"changed\": {\"fields\": [\"Description\"]}}]"
    }
},
{
    "model": "admin.logentry",
    "pk": 29,
    "fields": {
        "action_time": "2024-11-01T18:46:35.408Z",
        "user": [
            "admin"
        ],
        "content_type": [
            "shopapp",
            "productimage"
        ],
        "object_id": "3",
        "object_repr": "Смартфон Apple IPhone 13 128Gb зеленый_3",
        "action_flag": 1,
        "change_message": "[{\"added\": {}}]"
    }
},
{
    "model": "admin.logentry",
    "pk": 30,
    "fields": {
        "action_time": "2024-11-01T18:46:55.889Z",
        "user": [
            "admin"
        ],
        "content_type": [
            "shopapp",
            "productimage"
        ],
        "object_id": "4",
        "object_repr": "Смартфон Apple IPhone 13 128Gb зеленый_4",
        "action_flag": 1,
        "change_message": "[{\"added\": {}}]"
    }
},
{
    "model": "admin.logentry",
    "pk": 31,
    "fields": {
        "action_time": "2024-11-01T18:47:37.324Z",
        "user": [
            "admin"
        ],
        "content_type": [
            "shopapp",
            "specification"
        ],
        "object_id": "1",
        "object_repr": "Specification object (1)",
        "action_flag": 1,
        "change_message": "[{\"added\": {}}]"
    }
},
{
    "model": "admin.logentry",
    "pk": 32,
    "fields": {
        "action_time": "2024-11-01T18:47:59.011Z",
        "user": [
            "admin"
        ],
        "content_type": [
            "shopapp",
            "specification"
        ],
        "object_id": "2",
        "object_repr": "Specification object (2)",
        "action_flag": 1,
        "change_message": "[{\"added\": {}}]"
    }
},
{
    "model": "admin.logentry",
    "pk": 33,
    "fields": {
        "action_time": "2024-11-01T18:48:41.707Z",
        "user": [
            "admin"
        ],
        "content_type": [
            "shopapp",
            "specification"
        ],
        "object_id": "3",
        "object_repr": "Specification object (3)",
        "action_flag": 1,
        "change_message": "[{\"added\": {}}]"
    }
},
{
    "model": "admin.logentry",
    "pk": 34,
    "fields": {
        "action_time": "2024-11-02T08:29:48.320Z",
        "user": [
            "admin"
        ],
        "content_type": [
            "shopapp",
            "review"
        ],
        "object_id": "1",
        "object_repr": "Review object (1)",
        "action_flag": 1,
        "change_message": "[{\"added\": {}}]"
    }
},
{
    "model": "admin.logentry",
    "pk": 35,
    "fields": {
        "action_time": "2024-11-02T08:34:32.557Z",
        "user": [
            "admin"
        ],
        "content_type": [
            "shopapp",
            "review"
        ],
        "object_id": "1",
        "object_repr": "Sem_Смартфон Apple IPhone 13 128Gb зеленый",
        "action_flag": 2,
        "change_message": "[{\"changed\": {\"fields\": [\"Rate\"]}}]"
    }
},
{
    "model": "admin.logentry",
    "pk": 36,
    "fields": {
        "action_time": "2024-11-09T17:32:18.290Z",
        "user": [
            "admin"
        ],
        "content_type": [
            "shopapp",
            "category"
        ],
        "object_id": "3",
        "object_repr": "Ноутбуки",
        "action_flag": 2,
        "change_message": "[{\"changed\": {\"fields\": [\"Tags\"]}}]"
    }
},
{
    "model": "admin.logentry",
    "pk": 37,
    "fields": {
        "action_time": "2024-11-09T17:32:41.787Z",
        "user": [
            "admin"
        ],
        "content_type": [
            "shopapp",
            "category"
        ],
        "object_id": "4",
        "object_repr": "Смартфоны",
        "action_flag": 2,
        "change_message": "[{\"changed\": {\"fields\": [\"Tags\"]}}]"
    }
},
{
    "model": "admin.logentry",
    "pk": 38,
    "fields": {
        "action_time": "2024-11-09T18:49:43.720Z",
        "user": [
            "admin"
        ],
        "content_type": [
            "shopapp",
            "category"
        ],
        "object_id": "5",
        "object_repr": "Компьютеры и ноутбуки",
        "action_flag": 1,
        "change_message": "[{\"added\": {}}]"
    }
},
{
    "model": "admin.logentry",
    "pk": 39,
    "fields": {
        "action_time": "2024-11-09T18:52:38.867Z",
        "user": [
            "admin"
        ],
        "content_type": [
            "shopapp",
            "category"
        ],
        "object_id": "6",
        "object_repr": "Ноутбуки Apple",
        "action_flag": 1,
        "change_message": "[{\"added\": {}}]"
    }
},
{
    "model": "admin.logentry",
    "pk": 40,
    "fields": {
        "action_time": "2024-11-09T18:52:51.472Z",
        "user": [
            "admin"
        ],
        "content_type": [
            "shopapp",
            "category"
        ],
        "object_id": "3",
        "object_repr": "Ноутбуки",
        "action_flag": 2,
        "change_message": "[{\"changed\": {\"fields\": [\"Subcategories\"]}}]"
    }
},
{
    "model": "admin.logentry",
    "pk": 41,
    "fields": {
        "action_time": "2024-11-09T18:53:27.415Z",
        "user": [
            "admin"
        ],
        "content_type": [
            "shopapp",
            "category"
        ],
        "object_id": "7",
        "object_repr": "Комплектующие для ПК",
        "action_flag": 1,
        "change_message": "[{\"added\": {}}]"
    }
},
{
    "model": "admin.logentry",
    "pk": 42,
    "fields": {
        "action_time": "2024-11-09T18:54:07.157Z",
        "user": [
            "admin"
        ],
        "content_type": [
            "shopapp",
            "category"
        ],
        "object_id": "8",
        "object_repr": "Смартфоны и гаджеты",
        "action_flag": 1,
        "change_message": "[{\"added\": {}}]"
    }
},
{
    "model": "admin.logentry",
    "pk": 43,
    "fields": {
        "action_time": "2024-11-09T18:54:30.701Z",
        "user": [
            "admin"
        ],
        "content_type": [
            "shopapp",
            "category"
        ],
        "object_id": "9",
        "object_repr": "Apple",
        "action_flag": 1,
        "change_message": "[{\"added\": {}}]"
    }
},
{
    "model": "admin.logentry",
    "pk": 44,
    "fields": {
        "action_time": "2024-11-09T18:54:41.202Z",
        "user": [
            "admin"
        ],
        "content_type": [
            "shopapp",
            "category"
        ],
        "object_id": "4",
        "object_repr": "Смартфоны",
        "action_flag": 2,
        "change_message": "[{\"changed\": {\"fields\": [\"Subcategories\"]}}]"
    }
},
{
    "model": "admin.logentry",
    "pk": 45,
    "fields": {
        "action_time": "2024-11-09T18:55:17.172Z",
        "user": [
            "admin"
        ],
        "content_type": [
            "shopapp",
            "category"
        ],
        "object_id": "10",
        "object_repr": "Планшеты",
        "action_flag": 1,
        "change_message": "[{\"added\": {}}]"
    }
},
{
    "model": "admin.logentry",
    "pk": 46,
    "fields": {
        "action_time": "2024-11-09T19:11:16.832Z",
        "user": [
            "admin"
        ],
        "content_type": [
            "shopapp",
            "category"
        ],
        "object_id": "9",
        "object_repr": "Apple",
        "action_flag": 2,
        "change_message": "[{\"changed\": {\"fields\": [\"Subcategories\"]}}]"
    }
},
{
    "model": "admin.logentry",
    "pk": 47,
    "fields": {
        "action_time": "2024-11-09T19:12:46.237Z",
        "user": [
            "admin"
        ],
        "content_type": [
            "shopapp",
            "product"
        ],
        "object_id": "1",
        "object_repr": "Смартфон Apple IPhone 13 128Gb зеленый",
        "action_flag": 2,
        "change_message": "[{\"changed\": {\"fields\": [\"Category\"]}}]"
    }
},
{
    "model": "admin.logentry",
    "pk": 48,
    "fields": {
        "action_time": "2024-11-09T19:14:05.193Z",
        "user": [
            "admin"
        ],
        "content_type": [
            "shopapp",
            "product"
        ],
        "object_id": "1",
        "object_repr": "Смартфон Apple IPhone 13 128Gb зеленый",
        "action_flag": 2,
        "change_message": "[{\"changed\": {\"fields\": [\"Category\"]}}]"
    }
},
{
    "model": "admin.logentry",
    "pk": 49,
    "fields": {
        "action_time": "2024-11-10T09:53:32.133Z",
        "user": [
            "admin"
        ],
        "content_type": [
            "shopapp",
            "product"
        ],
        "object_id": "2",
        "object_repr": "Apple iPhone 16 256GB White sim+esim",
        "action_flag": 1,
        "change_message": "[{\"added\": {}}]"
    }
},
{
    "model": "admin.logentry",
    "pk": 50,
    "fields": {
        "action_time": "2024-11-10T10:04:34.322Z",
        "user": [
            "admin"
        ],
        "content_type": [
            "shopapp",
            "specification"
        ],
        "object_id": "4",
        "object_repr": "Apple iPhone 16 256GB White sim+esim_Apple iPhone 16 256GB White sim+esim_Диагональ",
        "action_flag": 1,
        "change_message": "[{\"added\": {}}]"
    }
},
{
    "model": "admin.logentry",
    "pk": 51,
    "fields": {
        "action_time": "2024-11-10T10:05:23.374Z",
        "user": [
            "admin"
        ],
        "content_type": [
            "shopapp",
            "specification"
        ],
        "object_id": "5",
        "object_repr": "Apple iPhone 16 256GB White sim+esim_Apple iPhone 16 256GB White sim+esim_матриа",
        "action_flag": 1,
        "change_message": "[{\"added\": {}}]"
    }
},
{
    "model": "admin.logentry",
    "pk": 52,
    "fields": {
        "action_time": "2024-11-10T10:06:24.586Z",
        "user": [
            "admin"
        ],
        "content_type": [
            "shopapp",
            "specification"
        ],
        "object_id": "4",
        "object_repr": "Apple iPhone 16 256GB White sim+esim_Диагональ",
        "action_flag": 2,
        "change_message": "[{\"changed\": {\"fields\": [\"Name\"]}}]"
    }
},
{
    "model": "admin.logentry",
    "pk": 53,
    "fields": {
        "action_time": "2024-11-10T10:06:56.702Z",
        "user": [
            "admin"
        ],
        "content_type": [
            "shopapp",
            "specification"
        ],
        "object_id": "5",
        "object_repr": "Apple iPhone 16 256GB White sim+esim_Технология матрицы",
        "action_flag": 2,
        "change_message": "[{\"changed\": {\"fields\": [\"Name\"]}}]"
    }
},
{
    "model": "admin.logentry",
    "pk": 54,
    "fields": {
        "action_time": "2024-11-10T10:07:20.243Z",
        "user": [
            "admin"
        ],
        "content_type": [
            "shopapp",
            "specification"
        ],
        "object_id": "6",
        "object_repr": "Apple iPhone 16 256GB White sim+esim_Оперативная память",
        "action_flag": 1,
        "change_message": "[{\"added\": {}}]"
    }
},
{
    "model": "admin.logentry",
    "pk": 55,
    "fields": {
        "action_time": "2024-11-10T10:08:32.800Z",
        "user": [
            "admin"
        ],
        "content_type": [
            "shopapp",
            "specification"
        ],
        "object_id": "7",
        "object_repr": "Apple iPhone 16 256GB White sim+esim_Встроенная память",
        "action_flag": 1,
        "change_message": "[{\"added\": {}}]"
    }
},
{
    "model": "admin.logentry",
    "pk": 56,
    "fields": {
        "action_time": "2024-11-10T10:10:46.817Z",
        "user": [
            "admin"
        ],
        "content_type": [
            "shopapp",
            "product"
        ],
        "object_id": "3",
        "object_repr": "Samsung Galaxy S24 Ultra EU 12/1 ТБ, фиолетовый",
        "action_flag": 1,
        "change_message": "[{\"added\": {}}]"
    }
},
{
    "model": "admin.logentry",
    "pk": 57,
    "fields": {
        "action_time": "2024-11-10T10:11:18.573Z",
        "user": [
            "admin"
        ],
        "content_type": [
            "shopapp",
            "specification"
        ],
        "object_id": "8",
        "object_repr": "Samsung Galaxy S24 Ultra EU 12/1 ТБ, фиолетовый_Процессор",
        "action_flag": 1,
        "change_message": "[{\"added\": {}}]"
    }
},
{
    "model": "admin.logentry",
    "pk": 58,
    "fields": {
        "action_time": "2024-11-10T10:11:36.036Z",
        "user": [
            "admin"
        ],
        "content_type": [
            "shopapp",
            "specification"
        ],
        "object_id": "9",
        "object_repr": "Samsung Galaxy S24 Ultra EU 12/1 ТБ, фиолетовый_Число ядер процессора",
        "action_flag": 1,
        "change_message": "[{\"added\": {}}]"
    }
},
{
    "model": "admin.logentry",
    "pk": 59,
    "fields": {
        "action_time": "2024-11-10T10:11:54.906Z",
        "user": [
            "admin"
        ],
        "content_type": [
            "shopapp",
            "specification"
        ],
        "object_id": "10",
        "object_repr": "Samsung Galaxy S24 Ultra EU 12/1 ТБ, фиолетовый_Оперативная память",
        "action_flag": 1,
        "change_message": "[{\"added\": {}}]"
    }
},
{
    "model": "admin.logentry",
    "pk": 60,
    "fields": {
        "action_time": "2024-11-10T10:12:13.710Z",
        "user": [
            "admin"
        ],
        "content_type": [
            "shopapp",
            "specification"
        ],
        "object_id": "11",
        "object_repr": "Samsung Galaxy S24 Ultra EU 12/1 ТБ, фиолетовый_Встроенная память",
        "action_flag": 1,
        "change_message": "[{\"added\": {}}]"
    }
},
{
    "model": "admin.logentry",
    "pk": 61,
    "fields": {
        "action_time": "2024-11-10T10:12:31.801Z",
        "user": [
            "admin"
        ],
        "content_type": [
            "shopapp",
            "specification"
        ],
        "object_id": "12",
        "object_repr": "Samsung Galaxy S24 Ultra EU 12/1 ТБ, фиолетовый_Диагональ экрана, дюймы",
        "action_flag": 1,
        "change_message": "[{\"added\": {}}]"
    }
},
{
    "model": "admin.logentry",
    "pk": 62,
    "fields": {
        "action_time": "2024-11-10T10:12:50.304Z",
        "user": [
            "admin"
        ],
        "content_type": [
            "shopapp",
            "specification"
        ],
        "object_id": "13",
        "object_repr": "Samsung Galaxy S24 Ultra EU 12/1 ТБ, фиолетовый_Технология матрицы",
        "action_flag": 1,
        "change_message": "[{\"added\": {}}]"
    }
},
{
    "model": "admin.logentry",
    "pk": 63,
    "fields": {
        "action_time": "2024-11-10T10:13:09.316Z",
        "user": [
            "admin"
        ],
        "content_type": [
            "shopapp",
            "specification"
        ],
        "object_id": "14",
        "object_repr": "Samsung Galaxy S24 Ultra EU 12/1 ТБ, фиолетовый_Версия Android",
        "action_flag": 1,
        "change_message": "[{\"added\": {}}]"
    }
},
{
    "model": "admin.logentry",
    "pk": 93,
    "fields": {
        "action_time": "2024-11-10T12:24:24.525Z",
        "user": [
            "admin"
        ],
        "content_type": [
            "shopapp",
            "category"
        ],
        "object_id": "7",
        "object_repr": "Комплектующие для ПК",
        "action_flag": 2,
        "change_message": "[{\"changed\": {\"fields\": [\"Tags\"]}}]"
    }
},
{
    "model": "admin.logentry",
    "pk": 94,
    "fields": {
        "action_time": "2024-11-10T12:30:14.897Z",
        "user": [
            "admin"
        ],
        "content_type": [
            "shopapp",
            "product"
        ],
        "object_id": "1",
        "object_repr": "Смартфон Apple IPhone 13 128Gb зеленый",
        "action_flag": 2,
        "change_message": "[{\"changed\": {\"fields\": [\"Category\"]}}]"
    }
},
{
    "model": "admin.logentry",
    "pk": 95,
    "fields": {
        "action_time": "2024-11-10T12:33:34.299Z",
        "user": [
            "admin"
        ],
        "content_type": [
            "shopapp",
            "product"
        ],
        "object_id": "3",
        "object_repr": "Samsung Galaxy S24 Ultra EU 12/1 ТБ, фиолетовый",
        "action_flag": 2,
        "change_message": "[{\"changed\": {\"fields\": [\"Category\"]}}]"
    }
},
{
    "model": "admin.logentry",
    "pk": 96,
    "fields": {
        "action_time": "2024-11-10T12:34:51.714Z",
        "user": [
            "admin"
        ],
        "content_type": [
            "shopapp",
            "product"
        ],
        "object_id": "3",
        "object_repr": "Samsung Galaxy S24 Ultra EU 12/1 ТБ, фиолетовый",
        "action_flag": 2,
        "change_message": "[{\"changed\": {\"fields\": [\"Category\"]}}]"
    }
},
{
    "model": "admin.logentry",
    "pk": 97,
    "fields": {
        "action_time": "2024-11-10T12:42:23.561Z",
        "user": [
            "admin"
        ],
        "content_type": [
            "shopapp",
            "productimage"
        ],
        "object_id": "5",
        "object_repr": "Apple iPhone 16 256GB White sim+esim_1",
        "action_flag": 1,
        "change_message": "[{\"added\": {}}]"
    }
},
{
    "model": "admin.logentry",
    "pk": 98,
    "fields": {
        "action_time": "2024-11-10T12:42:45.837Z",
        "user": [
            "admin"
        ],
        "content_type": [
            "shopapp",
            "productimage"
        ],
        "object_id": "6",
        "object_repr": "Apple iPhone 16 256GB White sim+esim_2",
        "action_flag": 1,
        "change_message": "[{\"added\": {}}]"
    }
},
{
    "model": "admin.logentry",
    "pk": 99,
    "fields": {
        "action_time": "2024-11-10T12:43:02.431Z",
        "user": [
            "admin"
        ],
        "content_type": [
            "shopapp",
            "productimage"
        ],
        "object_id": "7",
        "object_repr": "Apple iPhone 16 256GB White sim+esim_3",
        "action_flag": 1,
        "change_message": "[{\"added\": {}}]"
    }
},
{
    "model": "admin.logentry",
    "pk": 100,
    "fields": {
        "action_time": "2024-11-10T12:43:15.225Z",
        "user": [
            "admin"
        ],
        "content_type": [
            "shopapp",
            "productimage"
        ],
        "object_id": "8",
        "object_repr": "Apple iPhone 16 256GB White sim+esim_4",
        "action_flag": 1,
        "change_message": "[{\"added\": {}}]"
    }
},
{
    "model": "admin.logentry",
    "pk": 101,
    "fields": {
        "action_time": "2024-11-10T12:43:54.824Z",
        "user": [
            "admin"
        ],
        "content_type": [
            "shopapp",
            "productimage"
        ],
        "object_id": "9",
        "object_repr": "Samsung Смартфон Galaxy S24 Ultra EU 121 ТБ, фиолетовый_1",
        "action_flag": 1,
        "change_message": "[{\"added\": {}}]"
    }
},
{
    "model": "admin.logentry",
    "pk": 102,
    "fields": {
        "action_time": "2024-11-10T12:44:17.553Z",
        "user": [
            "admin"
        ],
        "content_type": [
            "shopapp",
            "productimage"
        ],
        "object_id": "10",
        "object_repr": "Samsung Смартфон Galaxy S24 Ultra EU 121 ТБ, фиолетовый_2",
        "action_flag": 1,
        "change_message": "[{\"added\": {}}]"
    }
},
{
    "model": "admin.logentry",
    "pk": 103,
    "fields": {
        "action_time": "2024-11-10T12:44:31.020Z",
        "user": [
            "admin"
        ],
        "content_type": [
            "shopapp",
            "productimage"
        ],
        "object_id": "11",
        "object_repr": "Samsung Смартфон Galaxy S24 Ultra EU 121 ТБ, фиолетовый_3",
        "action_flag": 1,
        "change_message": "[{\"added\": {}}]"
    }
},
{
    "model": "admin.logentry",
    "pk": 104,
    "fields": {
        "action_time": "2024-11-10T12:44:43.059Z",
        "user": [
            "admin"
        ],
        "content_type": [
            "shopapp",
            "productimage"
        ],
        "object_id": "12",
        "object_repr": "Samsung Смартфон Galaxy S24 Ultra EU 121 ТБ, фиолетовый_4",
        "action_flag": 1,
        "change_message": "[{\"added\": {}}]"
    }
},
{
    "model": "admin.logentry",
    "pk": 105,
    "fields": {
        "action_time": "2024-11-10T12:46:26.192Z",
        "user": [
            "admin"
        ],
        "content_type": [
            "shopapp",
            "tag"
        ],
        "object_id": "16",
        "object_repr": "Смартфон",
        "action_flag": 1,
        "change_message": "[{\"added\": {}}]"
    }
},
{
    "model": "admin.logentry",
    "pk": 106,
    "fields": {
        "action_time": "2024-11-10T12:47:05.396Z",
        "user": [
            "admin"
        ],
        "content_type": [
            "shopapp",
            "category"
        ],
        "object_id": "9",
        "object_repr": "Apple",
        "action_flag": 2,
        "change_message": "[{\"changed\": {\"fields\": [\"Tags\"]}}]"
    }
},
{
    "model": "admin.logentry",
    "pk": 107,
    "fields": {
        "action_time": "2024-11-10T12:47:16.381Z",
        "user": [
            "admin"
        ],
        "content_type": [
            "shopapp",
            "category"
        ],
        "object_id": "4",
        "object_repr": "Смартфоны",
        "action_flag": 2,
        "change_message": "[{\"changed\": {\"fields\": [\"Tags\"]}}]"
    }
},
{
    "model": "admin.logentry",
    "pk": 108,
    "fields": {
        "action_time": "2024-11-11T18:13:35.429Z",
        "user": [
            "admin"
        ],
        "content_type": [
            "shopapp",
            "product"
        ],
        "object_id": "2",
        "object_repr": "Apple iPhone 16 256GB White sim+esim",
        "action_flag": 2,
        "change_message": "[{\"changed\": {\"fields\": [\"\\u041a\\u043e\\u043b\\u0438\\u0447\\u0435\\u0441\\u0442\\u0432\\u043e \\u0442\\u043e\\u0432\\u0430\\u0440\\u0430\"]}}]"
    }
},
{
    "model": "admin.logentry",
    "pk": 109,
    "fields": {
        "action_time": "2024-11-11T18:13:50.612Z",
        "user": [
            "admin"
        ],
        "content_type": [
            "shopapp",
            "category"
        ],
        "object_id": "9",
        "object_repr": "Apple",
        "action_flag": 2,
        "change_message": "[{\"changed\": {\"fields\": [\"\\u0422\\u044d\\u0433\"]}}]"
    }
},
{
    "model": "admin.logentry",
    "pk": 110,
    "fields": {
        "action_time": "2024-11-11T19:18:57.543Z",
        "user": [
            "admin"
        ],
        "content_type": [
            "shopapp",
            "product"
        ],
        "object_id": "1",
        "object_repr": "Смартфон Apple IPhone 13 128Gb зеленый",
        "action_flag": 2,
        "change_message": "[{\"changed\": {\"fields\": [\"\\u0411\\u0435\\u0441\\u043f\\u043b\\u0430\\u0442\\u043d\\u0430\\u044f \\u0434\\u043e\\u0441\\u0442\\u0430\\u0432\\u043a\\u0430\"]}}]"
    }
},
{
    "model": "admin.logentry",
    "pk": 111,
    "fields": {
        "action_time": "2024-11-11T19:19:17.186Z",
        "user": [
            "admin"
        ],
        "content_type": [
            "shopapp",
            "product"
        ],
        "object_id": "1",
        "object_repr": "Смартфон Apple IPhone 13 128Gb зеленый",
        "action_flag": 2,
        "change_message": "[{\"changed\": {\"fields\": [\"\\u0411\\u0435\\u0441\\u043f\\u043b\\u0430\\u0442\\u043d\\u0430\\u044f \\u0434\\u043e\\u0441\\u0442\\u0430\\u0432\\u043a\\u0430\"]}}]"
    }
},
{
    "model": "admin.logentry",
    "pk": 112,
    "fields": {
        "action_time": "2024-11-12T18:18:40.997Z",
        "user": [
            "admin"
        ],
        "content_type": [
            "shopapp",
            "sales"
        ],
        "object_id": "1",
        "object_repr": "Sales object (1)",
        "action_flag": 1,
        "change_message": "[{\"added\": {}}]"
    }
},
{
    "model": "admin.logentry",
    "pk": 113,
    "fields": {
        "action_time": "2024-11-13T18:11:14.052Z",
        "user": [
            "admin"
        ],
        "content_type": [
            "shopapp",
            "productimage"
        ],
        "object_id": "5",
        "object_repr": "Apple iPhone 16 256GB White sim+esim_1",
        "action_flag": 2,
        "change_message": "[{\"changed\": {\"fields\": [\"Src\"]}}]"
    }
},
{
    "model": "admin.logentry",
    "pk": 114,
    "fields": {
        "action_time": "2024-11-13T18:11:24.687Z",
        "user": [
            "admin"
        ],
        "content_type": [
            "shopapp",
            "productimage"
        ],
        "object_id": "6",
        "object_repr": "Apple iPhone 16 256GB White sim+esim_2",
        "action_flag": 2,
        "change_message": "[{\"changed\": {\"fields\": [\"Src\"]}}]"
    }
},
{
    "model": "admin.logentry",
    "pk": 115,
    "fields": {
        "action_time": "2024-11-13T18:11:34.637Z",
        "user": [
            "admin"
        ],
        "content_type": [
            "shopapp",
            "productimage"
        ],
        "object_id": "7",
        "object_repr": "Apple iPhone 16 256GB White sim+esim_3",
        "action_flag": 2,
        "change_message": "[{\"changed\": {\"fields\": [\"Src\"]}}]"
    }
},
{
    "model": "admin.logentry",
    "pk": 116,
    "fields": {
        "action_time": "2024-11-13T18:11:43.414Z",
        "user": [
            "admin"
        ],
        "content_type": [
            "shopapp",
            "productimage"
        ],
        "object_id": "8",
        "object_repr": "Apple iPhone 16 256GB White sim+esim_4",
        "action_flag": 2,
        "change_message": "[{\"changed\": {\"fields\": [\"Src\"]}}]"
    }
},
{
    "model": "admin.logentry",
    "pk": 117,
    "fields": {
        "action_time": "2024-11-13T18:16:56.386Z",
        "user": [
            "admin"
        ],
        "content_type": [
            "shopapp",
            "productimage"
        ],
        "object_id": "9",
        "object_repr": "Samsung Смартфон Galaxy S24 Ultra EU 121 ТБ, фиолетовый_1",
        "action_flag": 2,
        "change_message": "[{\"changed\": {\"fields\": [\"Src\"]}}]"
    }
},
{
    "model": "admin.logentry",
    "pk": 118,
    "fields": {
        "action_time": "2024-11-13T18:17:05.269Z",
        "user": [
            "admin"
        ],
        "content_type": [
            "shopapp",
            "productimage"
        ],
        "object_id": "10",
        "object_repr": "Samsung Смартфон Galaxy S24 Ultra EU 121 ТБ, фиолетовый_2",
        "action_flag": 2,
        "change_message": "[{\"changed\": {\"fields\": [\"Src\"]}}]"
    }
},
{
    "model": "admin.logentry",
    "pk": 119,
    "fields": {
        "action_time": "2024-11-13T18:17:13.939Z",
        "user": [
            "admin"
        ],
        "content_type": [
            "shopapp",
            "productimage"
        ],
        "object_id": "11",
        "object_repr": "Samsung Смартфон Galaxy S24 Ultra EU 121 ТБ, фиолетовый_3",
        "action_flag": 2,
        "change_message": "[{\"changed\": {\"fields\": [\"Src\"]}}]"
    }
},
{
    "model": "admin.logentry",
    "pk": 120,
    "fields": {
        "action_time": "2024-11-13T18:17:22.814Z",
        "user": [
            "admin"
        ],
        "content_type": [
            "shopapp",
            "productimage"
        ],
        "object_id": "12",
        "object_repr": "Samsung Смартфон Galaxy S24 Ultra EU 121 ТБ, фиолетовый_4",
        "action_flag": 2,
        "change_message": "[{\"changed\": {\"fields\": [\"Src\"]}}]"
    }
},
{
    "model": "admin.logentry",
    "pk": 121,
    "fields": {
        "action_time": "2024-11-13T18:21:59.589Z",
        "user": [
            "admin"
        ],
        "content_type": [
            "shopapp",
            "product"
        ],
        "object_id": "4",
        "object_repr": "HUAWEI nova 12i Ростест (EAC) 8/256 ГБ, зеленый",
        "action_flag": 1,
        "change_message": "[{\"added\": {}}]"
    }
},
{
    "model": "admin.logentry",
    "pk": 122,
    "fields": {
        "action_time": "2024-11-13T18:22:40.331Z",
        "user": [
            "admin"
        ],
        "content_type": [
            "shopapp",
            "specification"
        ],
        "object_id": "44",
        "object_repr": "HUAWEI nova 12i Ростест (EAC) 8/256 ГБ, зеленый_Процессор",
        "action_flag": 1,
        "change_message": "[{\"added\": {}}]"
    }
},
{
    "model": "admin.logentry",
    "pk": 123,
    "fields": {
        "action_time": "2024-11-13T18:23:20.583Z",
        "user": [
            "admin"
        ],
        "content_type": [
            "shopapp",
            "specification"
        ],
        "object_id": "45",
        "object_repr": "HUAWEI nova 12i Ростест (EAC) 8/256 ГБ, зеленый_Оперативная память",
        "action_flag": 1,
        "change_message": "[{\"added\": {}}]"
    }
},
{
    "model": "admin.logentry",
    "pk": 124,
    "fields": {
        "action_time": "2024-11-13T18:23:50.797Z",
        "user": [
            "admin"
        ],
        "content_type": [
            "shopapp",
            "specification"
        ],
        "object_id": "46",
        "object_repr": "HUAWEI nova 12i Ростест (EAC) 8/256 ГБ, зеленый_Встроенная память",
        "action_flag": 1,
        "change_message": "[{\"added\": {}}]"
    }
},
{
    "model": "admin.logentry",
    "pk": 125,
    "fields": {
        "action_time": "2024-11-13T18:24:14.443Z",
        "user": [
            "admin"
        ],
        "content_type": [
            "shopapp",
            "specification"
        ],
        "object_id": "47",
        "object_repr": "HUAWEI nova 12i Ростест (EAC) 8/256 ГБ, зеленый_Диагональ экрана, дюймы",
        "action_flag": 1,
        "change_message": "[{\"added\": {}}]"
    }
},
{
    "model": "admin.logentry",
    "pk": 126,
    "fields": {
        "action_time": "2024-11-13T18:24:34.951Z",
        "user": [
            "admin"
        ],
        "content_type": [
            "shopapp",
            "specification"
        ],
        "object_id": "48",
        "object_repr": "HUAWEI nova 12i Ростест (EAC) 8/256 ГБ, зеленый_Технология матрицы",
        "action_flag": 1,
        "change_message": "[{\"added\": {}}]"
    }
},
{
    "model": "admin.logentry",
    "pk": 127,
    "fields": {
        "action_time": "2024-11-13T18:25:17.750Z",
        "user": [
            "admin"
        ],
        "content_type": [
            "shopapp",
            "productimage"
        ],
        "object_id": "13",
        "object_repr": "",
        "action_flag": 1,
        "change_message": "[{\"added\": {}}]"
    }
},
{
    "model": "admin.logentry",
    "pk": 128,
    "fields": {
        "action_time": "2024-11-13T18:25:47.881Z",
        "user": [
            "admin"
        ],
        "content_type": [
            "shopapp",
            "productimage"
        ],
        "object_id": "13",
        "object_repr": "HUAWEI nova 12i Ростест (EAC) 8/256 ГБ, зеленый_1",
        "action_flag": 2,
        "change_message": "[{\"changed\": {\"fields\": [\"Alt\"]}}]"
    }
},
{
    "model": "admin.logentry",
    "pk": 129,
    "fields": {
        "action_time": "2024-11-13T18:26:12.534Z",
        "user": [
            "admin"
        ],
        "content_type": [
            "shopapp",
            "productimage"
        ],
        "object_id": "14",
        "object_repr": "HUAWEI nova 12i Ростест (EAC) 8/256 ГБ, зеленый_2",
        "action_flag": 1,
        "change_message": "[{\"added\": {}}]"
    }
},
{
    "model": "admin.logentry",
    "pk": 130,
    "fields": {
        "action_time": "2024-11-13T18:26:32.776Z",
        "user": [
            "admin"
        ],
        "content_type": [
            "shopapp",
            "productimage"
        ],
        "object_id": "15",
        "object_repr": "HUAWEI nova 12i Ростест (EAC) 8/256 ГБ, зеленый_3",
        "action_flag": 1,
        "change_message": "[{\"added\": {}}]"
    }
},
{
    "model": "admin.logentry",
    "pk": 131,
    "fields": {
        "action_time": "2024-11-13T18:37:20.396Z",
        "user": [
            "admin"
        ],
        "content_type": [
            "shopapp",
            "product"
        ],
        "object_id": "5",
        "object_repr": "HUAWEI MatePad 11,5”S PaperMatte, 11.5\" 8 ГБ/256 ГБ, сиреневый",
        "action_flag": 1,
        "change_message": "[{\"added\": {}}]"
    }
},
{
    "model": "admin.logentry",
    "pk": 132,
    "fields": {
        "action_time": "2024-11-13T18:38:02.881Z",
        "user": [
            "admin"
        ],
        "content_type": [
            "shopapp",
            "productimage"
        ],
        "object_id": "16",
        "object_repr": "HUAWEI MatePad 11,5”S PaperMatte, 11.5\" 8 ГБ/256 ГБ, сиреневый_1",
        "action_flag": 1,
        "change_message": "[{\"added\": {}}]"
    }
},
{
    "model": "admin.logentry",
    "pk": 133,
    "fields": {
        "action_time": "2024-11-13T18:38:17.454Z",
        "user": [
            "admin"
        ],
        "content_type": [
            "shopapp",
            "productimage"
        ],
        "object_id": "17",
        "object_repr": "HUAWEI MatePad 11,5”S PaperMatte, 11.5\" 8 ГБ/256 ГБ, сиреневый_2",
        "action_flag": 1,
        "change_message": "[{\"added\": {}}]"
    }
},
{
    "model": "admin.logentry",
    "pk": 134,
    "fields": {
        "action_time": "2024-11-13T18:38:38.153Z",
        "user": [
            "admin"
        ],
        "content_type": [
            "shopapp",
            "productimage"
        ],
        "object_id": "18",
        "object_repr": "HUAWEI MatePad 11,5”S PaperMatte, 11.5\" 8 ГБ/256 ГБ, сиреневый_3",
        "action_flag": 1,
        "change_message": "[{\"added\": {}}]"
    }
},
{
    "model": "admin.logentry",
    "pk": 135,
    "fields": {
        "action_time": "2024-11-13T18:38:56.962Z",
        "user": [
            "admin"
        ],
        "content_type": [
            "shopapp",
            "productimage"
        ],
        "object_id": "19",
        "object_repr": "HUAWEI MatePad 11,5”S PaperMatte, 11.5\" 8 ГБ/256 ГБ, сиреневый_4",
        "action_flag": 1,
        "change_message": "[{\"added\": {}}]"
    }
},
{
    "model": "admin.logentry",
    "pk": 136,
    "fields": {
        "action_time": "2024-11-13T18:39:48.683Z",
        "user": [
            "admin"
        ],
        "content_type": [
            "shopapp",
            "sales"
        ],
        "object_id": "2",
        "object_repr": "Sale_HUAWEI MatePad 11,5”S PaperMatte, 11.5\" 8 ГБ/256 ГБ, сиреневый",
        "action_flag": 1,
        "change_message": "[{\"added\": {}}]"
    }
},
{
    "model": "admin.logentry",
    "pk": 137,
    "fields": {
        "action_time": "2024-11-13T18:40:20.322Z",
        "user": [
            "admin"
        ],
        "content_type": [
            "shopapp",
            "specification"
        ],
        "object_id": "49",
        "object_repr": "HUAWEI MatePad 11,5”S PaperMatte, 11.5\" 8 ГБ/256 ГБ, сиреневый_Диагональ экрана, дюймы",
        "action_flag": 1,
        "change_message": "[{\"added\": {}}]"
    }
},
{
    "model": "admin.logentry",
    "pk": 138,
    "fields": {
        "action_time": "2024-11-13T18:40:45.267Z",
        "user": [
            "admin"
        ],
        "content_type": [
            "shopapp",
            "specification"
        ],
        "object_id": "50",
        "object_repr": "HUAWEI MatePad 11,5”S PaperMatte, 11.5\" 8 ГБ/256 ГБ, сиреневый_Технология матрицы",
        "action_flag": 1,
        "change_message": "[{\"added\": {}}]"
    }
},
{
    "model": "admin.logentry",
    "pk": 139,
    "fields": {
        "action_time": "2024-11-13T18:41:06.507Z",
        "user": [
            "admin"
        ],
        "content_type": [
            "shopapp",
            "specification"
        ],
        "object_id": "51",
        "object_repr": "HUAWEI MatePad 11,5”S PaperMatte, 11.5\" 8 ГБ/256 ГБ, сиреневый_Процессор",
        "action_flag": 1,
        "change_message": "[{\"added\": {}}]"
    }
},
{
    "model": "admin.logentry",
    "pk": 140,
    "fields": {
        "action_time": "2024-11-13T18:41:25.753Z",
        "user": [
            "admin"
        ],
        "content_type": [
            "shopapp",
            "specification"
        ],
        "object_id": "52",
        "object_repr": "HUAWEI MatePad 11,5”S PaperMatte, 11.5\" 8 ГБ/256 ГБ, сиреневый_Емкость аккумулятора, мАч",
        "action_flag": 1,
        "change_message": "[{\"added\": {}}]"
    }
},
{
    "model": "admin.logentry",
    "pk": 141,
    "fields": {
        "action_time": "2024-11-13T18:54:06.690Z",
        "user": [
            "admin"
        ],
        "content_type": [
            "shopapp",
            "product"
        ],
        "object_id": "6",
        "object_repr": "HUAWEI 53013WXF Ноутбук 16\", Intel Core i5-12450H, RAM 16 ГБ, SSD 512 ГБ, Intel UHD Graphics",
        "action_flag": 1,
        "change_message": "[{\"added\": {}}]"
    }
},
{
    "model": "admin.logentry",
    "pk": 142,
    "fields": {
        "action_time": "2024-11-13T18:54:36.811Z",
        "user": [
            "admin"
        ],
        "content_type": [
            "shopapp",
            "specification"
        ],
        "object_id": "53",
        "object_repr": "HUAWEI 53013WXF Ноутбук 16\", Intel Core i5-12450H, RAM 16 ГБ, SSD 512 ГБ, Intel UHD Graphics_Процессор",
        "action_flag": 1,
        "change_message": "[{\"added\": {}}]"
    }
},
{
    "model": "admin.logentry",
    "pk": 143,
    "fields": {
        "action_time": "2024-11-13T18:54:55.317Z",
        "user": [
            "admin"
        ],
        "content_type": [
            "shopapp",
            "specification"
        ],
        "object_id": "54",
        "object_repr": "HUAWEI 53013WXF Ноутбук 16\", Intel Core i5-12450H, RAM 16 ГБ, SSD 512 ГБ, Intel UHD Graphics_Частота процессора, ГГц",
        "action_flag": 1,
        "change_message": "[{\"added\": {}}]"
    }
},
{
    "model": "admin.logentry",
    "pk": 144,
    "fields": {
        "action_time": "2024-11-13T18:55:16.832Z",
        "user": [
            "admin"
        ],
        "content_type": [
            "shopapp",
            "specification"
        ],
        "object_id": "55",
        "object_repr": "HUAWEI 53013WXF Ноутбук 16\", Intel Core i5-12450H, RAM 16 ГБ, SSD 512 ГБ, Intel UHD Graphics_Число ядер процессора",
        "action_flag": 1,
        "change_message": "[{\"added\": {}}]"
    }
},
{
    "model": "admin.logentry",
    "pk": 145,
    "fields": {
        "action_time": "2024-11-13T18:55:48.787Z",
        "user": [
            "admin"
        ],
        "content_type": [
            "shopapp",
            "specification"
        ],
        "object_id": "56",
        "object_repr": "HUAWEI 53013WXF Ноутбук 16\", Intel Core i5-12450H, RAM 16 ГБ, SSD 512 ГБ, Intel UHD Graphics_Общий объем SSD",
        "action_flag": 1,
        "change_message": "[{\"added\": {}}]"
    }
},
{
    "model": "admin.logentry",
    "pk": 146,
    "fields": {
        "action_time": "2024-11-13T18:56:08.790Z",
        "user": [
            "admin"
        ],
        "content_type": [
            "shopapp",
            "specification"
        ],
        "object_id": "57",
        "object_repr": "HUAWEI 53013WXF Ноутбук 16\", Intel Core i5-12450H, RAM 16 ГБ, SSD 512 ГБ, Intel UHD Graphics_Операционная система",
        "action_flag": 1,
        "change_message": "[{\"added\": {}}]"
    }
},
{
    "model": "admin.logentry",
    "pk": 147,
    "fields": {
        "action_time": "2024-11-13T18:56:27.827Z",
        "user": [
            "admin"
        ],
        "content_type": [
            "shopapp",
            "specification"
        ],
        "object_id": "58",
        "object_repr": "HUAWEI 53013WXF Ноутбук 16\", Intel Core i5-12450H, RAM 16 ГБ, SSD 512 ГБ, Intel UHD Graphics_Оперативная память",
        "action_flag": 1,
        "change_message": "[{\"added\": {}}]"
    }
},
{
    "model": "admin.logentry",
    "pk": 148,
    "fields": {
        "action_time": "2024-11-13T18:56:49.139Z",
        "user": [
            "admin"
        ],
        "content_type": [
            "shopapp",
            "specification"
        ],
        "object_id": "59",
        "object_repr": "HUAWEI 53013WXF Ноутбук 16\", Intel Core i5-12450H, RAM 16 ГБ, SSD 512 ГБ, Intel UHD Graphics_Технология матрицы",
        "action_flag": 1,
        "change_message": "[{\"added\": {}}]"
    }
},
{
    "model": "admin.logentry",
    "pk": 149,
    "fields": {
        "action_time": "2024-11-13T18:57:42.185Z",
        "user": [
            "admin"
        ],
        "content_type": [
            "shopapp",
            "product"
        ],
        "object_id": "6",
        "object_repr": "HUAWEI 53013WXF Ноутбук 16\", Intel Core i5-12450H, RAM 16 ГБ, SSD 512 ГБ, Intel UHD Graphics",
        "action_flag": 2,
        "change_message": "[]"
    }
},
{
    "model": "admin.logentry",
    "pk": 150,
    "fields": {
        "action_time": "2024-11-13T18:58:32.347Z",
        "user": [
            "admin"
        ],
        "content_type": [
            "shopapp",
            "product"
        ],
        "object_id": "6",
        "object_repr": "HUAWEI 53013WXF Ноутбук 16\", Intel Core i5-12450H, RAM 16 ГБ, SSD 512 ГБ, Intel UHD Graphics",
        "action_flag": 2,
        "change_message": "[{\"changed\": {\"fields\": [\"\\u041a\\u0430\\u0442\\u0435\\u0433\\u043e\\u0440\\u0438\\u044f \\u0442\\u043e\\u0432\\u0430\\u0440\\u0430\"]}}]"
    }
},
{
    "model": "admin.logentry",
    "pk": 151,
    "fields": {
        "action_time": "2024-11-13T19:01:44.172Z",
        "user": [
            "admin"
        ],
        "content_type": [
            "shopapp",
            "productimage"
        ],
        "object_id": "20",
        "object_repr": "HUAWEI 53013WXF Ноутбук 16\", Intel Core i5-12450H, RAM 16 ГБ, SSD 512 ГБ, Intel UHD Graphics_1",
        "action_flag": 1,
        "change_message": "[{\"added\": {}}]"
    }
},
{
    "model": "admin.logentry",
    "pk": 152,
    "fields": {
        "action_time": "2024-11-13T19:02:07.870Z",
        "user": [
            "admin"
        ],
        "content_type": [
            "shopapp",
            "productimage"
        ],
        "object_id": "21",
        "object_repr": "HUAWEI 53013WXF Ноутбук 16\", Intel Core i5-12450H, RAM 16 ГБ, SSD 512 ГБ, Intel UHD Graphics_2",
        "action_flag": 1,
        "change_message": "[{\"added\": {}}]"
    }
},
{
    "model": "admin.logentry",
    "pk": 153,
    "fields": {
        "action_time": "2024-11-13T19:02:22.658Z",
        "user": [
            "admin"
        ],
        "content_type": [
            "shopapp",
            "productimage"
        ],
        "object_id": "22",
        "object_repr": "HUAWEI 53013WXF Ноутбук 16\", Intel Core i5-12450H, RAM 16 ГБ, SSD 512 ГБ, Intel UHD Graphics_3",
        "action_flag": 1,
        "change_message": "[{\"added\": {}}]"
    }
},
{
    "model": "admin.logentry",
    "pk": 154,
    "fields": {
        "action_time": "2024-11-13T19:02:35.822Z",
        "user": [
            "admin"
        ],
        "content_type": [
            "shopapp",
            "productimage"
        ],
        "object_id": "23",
        "object_repr": "HUAWEI 53013WXF Ноутбук 16\", Intel Core i5-12450H, RAM 16 ГБ, SSD 512 ГБ, Intel UHD Graphics_4",
        "action_flag": 1,
        "change_message": "[{\"added\": {}}]"
    }
},
{
    "model": "admin.logentry",
    "pk": 155,
    "fields": {
        "action_time": "2024-11-13T19:03:48.863Z",
        "user": [
            "admin"
        ],
        "content_type": [
            "shopapp",
            "product"
        ],
        "object_id": "6",
        "object_repr": "HUAWEI 53013WXF Ноутбук 16\", Intel Core i5-12450H, RAM 16 ГБ, SSD 512 ГБ, Intel UHD Graphics",
        "action_flag": 2,
        "change_message": "[{\"changed\": {\"fields\": [\"\\u041a\\u0430\\u0442\\u0435\\u0433\\u043e\\u0440\\u0438\\u044f \\u0442\\u043e\\u0432\\u0430\\u0440\\u0430\"]}}]"
    }
},
{
    "model": "admin.logentry",
    "pk": 156,
    "fields": {
        "action_time": "2024-11-13T19:15:59.894Z",
        "user": [
            "admin"
        ],
        "content_type": [
            "shopapp",
            "product"
        ],
        "object_id": "7",
        "object_repr": "Apple MacBook Air Ноутбук 13.3\", Apple M1 (8C CPU, 7C GPU), RAM 8 ГБ, SSD 256 ГБ, Apple M1, MacOS, (MGN93RU/A)",
        "action_flag": 1,
        "change_message": "[{\"added\": {}}]"
    }
},
{
    "model": "admin.logentry",
    "pk": 157,
    "fields": {
        "action_time": "2024-11-13T19:16:27.333Z",
        "user": [
            "admin"
        ],
        "content_type": [
            "shopapp",
            "productimage"
        ],
        "object_id": "24",
        "object_repr": "Apple MacBook Air Ноутбук 13.3\", Apple M1 (8C CPU, 7C GPU), RAM 8 ГБ, SSD 256 ГБ, Apple M1, MacOS, (MGN93RU/A)_1",
        "action_flag": 1,
        "change_message": "[{\"added\": {}}]"
    }
},
{
    "model": "admin.logentry",
    "pk": 158,
    "fields": {
        "action_time": "2024-11-13T19:16:48.697Z",
        "user": [
            "admin"
        ],
        "content_type": [
            "shopapp",
            "productimage"
        ],
        "object_id": "25",
        "object_repr": "Apple MacBook Air Ноутбук 13.3\", Apple M1 (8C CPU, 7C GPU), RAM 8 ГБ, SSD 256 ГБ, Apple M1, MacOS, (MGN93RU/A)_2",
        "action_flag": 1,
        "change_message": "[{\"added\": {}}]"
    }
},
{
    "model": "admin.logentry",
    "pk": 159,
    "fields": {
        "action_time": "2024-11-13T19:17:02.010Z",
        "user": [
            "admin"
        ],
        "content_type": [
            "shopapp",
            "productimage"
        ],
        "object_id": "26",
        "object_repr": "Apple MacBook Air Ноутбук 13.3\", Apple M1 (8C CPU, 7C GPU), RAM 8 ГБ, SSD 256 ГБ, Apple M1, MacOS, (MGN93RU/A)_3",
        "action_flag": 1,
        "change_message": "[{\"added\": {}}]"
    }
},
{
    "model": "admin.logentry",
    "pk": 160,
    "fields": {
        "action_time": "2024-11-13T19:17:16.950Z",
        "user": [
            "admin"
        ],
        "content_type": [
            "shopapp",
            "productimage"
        ],
        "object_id": "27",
        "object_repr": "Apple MacBook Air Ноутбук 13.3\", Apple M1 (8C CPU, 7C GPU), RAM 8 ГБ, SSD 256 ГБ, Apple M1, MacOS, (MGN93RU/A)_4",
        "action_flag": 1,
        "change_message": "[{\"added\": {}}]"
    }
},
{
    "model": "admin.logentry",
    "pk": 161,
    "fields": {
        "action_time": "2024-11-13T19:17:46.790Z",
        "user": [
            "admin"
        ],
        "content_type": [
            "shopapp",
            "specification"
        ],
        "object_id": "60",
        "object_repr": "Apple MacBook Air Ноутбук 13.3\", Apple M1 (8C CPU, 7C GPU), RAM 8 ГБ, SSD 256 ГБ, Apple M1, MacOS, (MGN93RU/A)_Процессор",
        "action_flag": 1,
        "change_message": "[{\"added\": {}}]"
    }
},
{
    "model": "admin.logentry",
    "pk": 162,
    "fields": {
        "action_time": "2024-11-13T19:18:04.099Z",
        "user": [
            "admin"
        ],
        "content_type": [
            "shopapp",
            "specification"
        ],
        "object_id": "61",
        "object_repr": "Apple MacBook Air Ноутбук 13.3\", Apple M1 (8C CPU, 7C GPU), RAM 8 ГБ, SSD 256 ГБ, Apple M1, MacOS, (MGN93RU/A)_Число ядер процессора",
        "action_flag": 1,
        "change_message": "[{\"added\": {}}]"
    }
},
{
    "model": "admin.logentry",
    "pk": 163,
    "fields": {
        "action_time": "2024-11-13T19:18:23.819Z",
        "user": [
            "admin"
        ],
        "content_type": [
            "shopapp",
            "specification"
        ],
        "object_id": "62",
        "object_repr": "Apple MacBook Air Ноутбук 13.3\", Apple M1 (8C CPU, 7C GPU), RAM 8 ГБ, SSD 256 ГБ, Apple M1, MacOS, (MGN93RU/A)_Оперативная память",
        "action_flag": 1,
        "change_message": "[{\"added\": {}}]"
    }
},
{
    "model": "admin.logentry",
    "pk": 164,
    "fields": {
        "action_time": "2024-11-13T19:18:42.269Z",
        "user": [
            "admin"
        ],
        "content_type": [
            "shopapp",
            "specification"
        ],
        "object_id": "63",
        "object_repr": "Apple MacBook Air Ноутбук 13.3\", Apple M1 (8C CPU, 7C GPU), RAM 8 ГБ, SSD 256 ГБ, Apple M1, MacOS, (MGN93RU/A)_Диагональ экрана, дюймы",
        "action_flag": 1,
        "change_message": "[{\"added\": {}}]"
    }
},
{
    "model": "admin.logentry",
    "pk": 165,
    "fields": {
        "action_time": "2024-11-13T19:19:01.970Z",
        "user": [
            "admin"
        ],
        "content_type": [
            "shopapp",
            "specification"
        ],
        "object_id": "64",
        "object_repr": "Apple MacBook Air Ноутбук 13.3\", Apple M1 (8C CPU, 7C GPU), RAM 8 ГБ, SSD 256 ГБ, Apple M1, MacOS, (MGN93RU/A)_Операционная система",
        "action_flag": 1,
        "change_message": "[{\"added\": {}}]"
    }
},
{
    "model": "admin.logentry",
    "pk": 166,
    "fields": {
        "action_time": "2024-11-13T19:26:14.813Z",
        "user": [
            "admin"
        ],
        "content_type": [
            "shopapp",
            "product"
        ],
        "object_id": "8",
        "object_repr": "PATRIOT Оперативная память PSD34G13332 1x4 ГБ (PSD34G13332)",
        "action_flag": 1,
        "change_message": "[{\"added\": {}}]"
    }
},
{
    "model": "admin.logentry",
    "pk": 167,
    "fields": {
        "action_time": "2024-11-13T19:26:51.566Z",
        "user": [
            "admin"
        ],
        "content_type": [
            "shopapp",
            "tag"
        ],
        "object_id": "17",
        "object_repr": "Комплектующие",
        "action_flag": 1,
        "change_message": "[{\"added\": {}}]"
    }
},
{
    "model": "admin.logentry",
    "pk": 168,
    "fields": {
        "action_time": "2024-11-13T19:27:06.322Z",
        "user": [
            "admin"
        ],
        "content_type": [
            "shopapp",
            "product"
        ],
        "object_id": "8",
        "object_repr": "PATRIOT Оперативная память PSD34G13332 1x4 ГБ (PSD34G13332)",
        "action_flag": 2,
        "change_message": "[{\"changed\": {\"fields\": [\"\\u0422\\u044d\\u0433\"]}}]"
    }
},
{
    "model": "admin.logentry",
    "pk": 169,
    "fields": {
        "action_time": "2024-11-13T19:27:43.286Z",
        "user": [
            "admin"
        ],
        "content_type": [
            "shopapp",
            "productimage"
        ],
        "object_id": "28",
        "object_repr": "PATRIOT Оперативная память PSD34G13332 1x4 ГБ (PSD34G13332)_1",
        "action_flag": 1,
        "change_message": "[{\"added\": {}}]"
    }
},
{
    "model": "admin.logentry",
    "pk": 170,
    "fields": {
        "action_time": "2024-11-13T19:27:54.772Z",
        "user": [
            "admin"
        ],
        "content_type": [
            "shopapp",
            "productimage"
        ],
        "object_id": "29",
        "object_repr": "PATRIOT Оперативная память PSD34G13332 1x4 ГБ (PSD34G13332)_2",
        "action_flag": 1,
        "change_message": "[{\"added\": {}}]"
    }
},
{
    "model": "admin.logentry",
    "pk": 171,
    "fields": {
        "action_time": "2024-11-13T19:28:09.511Z",
        "user": [
            "admin"
        ],
        "content_type": [
            "shopapp",
            "productimage"
        ],
        "object_id": "30",
        "object_repr": "PATRIOT Оперативная память PSD34G13332 1x4 ГБ (PSD34G13332)_3",
        "action_flag": 1,
        "change_message": "[{\"added\": {}}]"
    }
},
{
    "model": "admin.logentry",
    "pk": 172,
    "fields": {
        "action_time": "2024-11-13T19:28:31.778Z",
        "user": [
            "admin"
        ],
        "content_type": [
            "shopapp",
            "specification"
        ],
        "object_id": "65",
        "object_repr": "PATRIOT Оперативная память PSD34G13332 1x4 ГБ (PSD34G13332)_Суммарный объем памяти",
        "action_flag": 1,
        "change_message": "[{\"added\": {}}]"
    }
},
{
    "model": "admin.logentry",
    "pk": 173,
    "fields": {
        "action_time": "2024-11-13T19:28:47.993Z",
        "user": [
            "admin"
        ],
        "content_type": [
            "shopapp",
            "specification"
        ],
        "object_id": "66",
        "object_repr": "PATRIOT Оперативная память PSD34G13332 1x4 ГБ (PSD34G13332)_Тип памяти",
        "action_flag": 1,
        "change_message": "[{\"added\": {}}]"
    }
},
{
    "model": "admin.logentry",
    "pk": 174,
    "fields": {
        "action_time": "2024-11-13T19:29:07.302Z",
        "user": [
            "admin"
        ],
        "content_type": [
            "shopapp",
            "specification"
        ],
        "object_id": "67",
        "object_repr": "PATRIOT Оперативная память PSD34G13332 1x4 ГБ (PSD34G13332)_Пропускная способность, Мб/с",
        "action_flag": 1,
        "change_message": "[{\"added\": {}}]"
    }
},
{
    "model": "admin.logentry",
    "pk": 175,
    "fields": {
        "action_time": "2024-11-13T19:30:14.019Z",
        "user": [
            "admin"
        ],
        "content_type": [
            "shopapp",
            "category"
        ],
        "object_id": "7",
        "object_repr": "Комплектующие для ПК",
        "action_flag": 2,
        "change_message": "[{\"changed\": {\"fields\": [\"\\u0422\\u044d\\u0433\"]}}]"
    }
},
{
    "model": "admin.logentry",
    "pk": 176,
    "fields": {
        "action_time": "2024-11-30T15:23:05.795Z",
        "user": [
            "admin"
        ],
        "content_type": [
            "shopapp",
            "category"
        ],
        "object_id": "11",
        "object_repr": "Доставка",
        "action_flag": 1,
        "change_message": "[{\"added\": {}}]"
    }
},
{
    "model": "admin.logentry",
    "pk": 177,
    "fields": {
        "action_time": "2024-11-30T15:24:11.449Z",
        "user": [
            "admin"
        ],
        "content_type": [
            "shopapp",
            "tag"
        ],
        "object_id": "18",
        "object_repr": "доставка",
        "action_flag": 1,
        "change_message": "[{\"added\": {}}]"
    }
},
{
    "model": "admin.logentry",
    "pk": 178,
    "fields": {
        "action_time": "2024-11-30T15:24:52.501Z",
        "user": [
            "admin"
        ],
        "content_type": [
            "shopapp",
            "product"
        ],
        "object_id": "9",
        "object_repr": "Экспресс-доставка",
        "action_flag": 1,
        "change_message": "[{\"added\": {}}]"
    }
},
{
    "model": "admin.logentry",
    "pk": 179,
    "fields": {
        "action_time": "2024-11-30T15:25:33.954Z",
        "user": [
            "admin"
        ],
        "content_type": [
            "shopapp",
            "productimage"
        ],
        "object_id": "31",
        "object_repr": "",
        "action_flag": 1,
        "change_message": "[{\"added\": {}}]"
    }
},
{
    "model": "admin.logentry",
    "pk": 180,
    "fields": {
        "action_time": "2024-11-30T17:24:43.698Z",
        "user": [
            "admin"
        ],
        "content_type": [
            "shopapp",
            "product"
        ],
        "object_id": "10",
        "object_repr": "Доставка",
        "action_flag": 1,
        "change_message": "[{\"added\": {}}]"
    }
},
{
    "model": "admin.logentry",
    "pk": 181,
    "fields": {
        "action_time": "2024-11-30T17:25:06.954Z",
        "user": [
            "admin"
        ],
        "content_type": [
            "shopapp",
            "productimage"
        ],
        "object_id": "32",
        "object_repr": "",
        "action_flag": 1,
        "change_message": "[{\"added\": {}}]"
    }
},
{
    "model": "admin.logentry",
    "pk": 182,
    "fields": {
        "action_time": "2024-11-30T17:26:21.913Z",
        "user": [
            "admin"
        ],
        "content_type": [
            "shopapp",
            "specification"
        ],
        "object_id": "68",
        "object_repr": "Доставка_Сумма заказа",
        "action_flag": 1,
        "change_message": "[{\"added\": {}}]"
    }
},
{
    "model": "admin.logentry",
    "pk": 183,
    "fields": {
        "action_time": "2024-11-30T18:17:06.171Z",
        "user": [
            "admin"
        ],
        "content_type": [
            "shopapp",
            "product"
        ],
        "object_id": "2",
        "object_repr": "Apple iPhone 16 256GB White sim+esim",
        "action_flag": 2,
        "change_message": "[{\"changed\": {\"fields\": [\"\\u041a\\u043e\\u043b\\u0438\\u0447\\u0435\\u0441\\u0442\\u0432\\u043e \\u0442\\u043e\\u0432\\u0430\\u0440\\u0430\"]}}]"
    }
},
{
    "model": "admin.logentry",
    "pk": 184,
    "fields": {
        "action_time": "2024-12-01T06:51:55.003Z",
        "user": [
            "admin"
        ],
        "content_type": [
            "shopapp",
            "product"
        ],
        "object_id": "10",
        "object_repr": "Доставка",
        "action_flag": 2,
        "change_message": "[{\"changed\": {\"fields\": [\"\\u041a\\u043e\\u043b\\u0438\\u0447\\u0435\\u0441\\u0442\\u0432\\u043e \\u0442\\u043e\\u0432\\u0430\\u0440\\u0430\"]}}]"
    }
},
{
    "model": "admin.logentry",
    "pk": 185,
    "fields": {
        "action_time": "2024-12-01T06:53:33.685Z",
        "user": [
            "admin"
        ],
        "content_type": [
            "shopapp",
            "product"
        ],
        "object_id": "11",
        "object_repr": "Бесплатная доставка",
        "action_flag": 1,
        "change_message": "[{\"added\": {}}]"
    }
},
{
    "model": "admin.logentry",
    "pk": 186,
    "fields": {
        "action_time": "2024-12-01T06:56:31.545Z",
        "user": [
            "admin"
        ],
        "content_type": [
            "shopapp",
            "product"
        ],
        "object_id": "11",
        "object_repr": "Бесплатная доставка",
        "action_flag": 2,
        "change_message": "[{\"changed\": {\"fields\": [\"\\u0426\\u0435\\u043d\\u0430\"]}}]"
    }
},
{
    "model": "admin.logentry",
    "pk": 187,
    "fields": {
        "action_time": "2024-12-01T06:56:46.974Z",
        "user": [
            "admin"
        ],
        "content_type": [
            "shopapp",
            "product"
        ],
        "object_id": "11",
        "object_repr": "Бесплатная доставка",
        "action_flag": 2,
        "change_message": "[]"
    }
},
{
    "model": "admin.logentry",
    "pk": 188,
    "fields": {
        "action_time": "2024-12-01T06:59:57.097Z",
        "user": [
            "admin"
        ],
        "content_type": [
            "shopapp",
            "productimage"
        ],
        "object_id": "33",
        "object_repr": "",
        "action_flag": 1,
        "change_message": "[{\"added\": {}}]"
    }
},
{
    "model": "admin.logentry",
    "pk": 189,
    "fields": {
        "action_time": "2024-12-01T07:00:31.083Z",
        "user": [
            "admin"
        ],
        "content_type": [
            "shopapp",
            "productimage"
        ],
        "object_id": "31",
        "object_repr": "Экспресс-доставка",
        "action_flag": 2,
        "change_message": "[{\"changed\": {\"fields\": [\"Alt\"]}}]"
    }
},
{
    "model": "admin.logentry",
    "pk": 190,
    "fields": {
        "action_time": "2024-12-01T07:00:47.617Z",
        "user": [
            "admin"
        ],
        "content_type": [
            "shopapp",
            "productimage"
        ],
        "object_id": "32",
        "object_repr": "Доставка",
        "action_flag": 2,
        "change_message": "[{\"changed\": {\"fields\": [\"Src\", \"Alt\"]}}]"
    }
},
{
    "model": "admin.logentry",
    "pk": 191,
    "fields": {
        "action_time": "2024-12-01T07:01:12.320Z",
        "user": [
            "admin"
        ],
        "content_type": [
            "shopapp",
            "productimage"
        ],
        "object_id": "33",
        "object_repr": "Бесплатная доставка",
        "action_flag": 2,
        "change_message": "[{\"changed\": {\"fields\": [\"Alt\"]}}]"
    }
},
{
    "model": "admin.logentry",
    "pk": 192,
    "fields": {
        "action_time": "2024-12-01T07:24:15.236Z",
        "user": [
            "admin"
        ],
        "content_type": [
            "shopapp",
            "product"
        ],
        "object_id": "8",
        "object_repr": "PATRIOT Оперативная память PSD34G13332 1x4 ГБ (PSD34G13332)",
        "action_flag": 2,
        "change_message": "[{\"changed\": {\"fields\": [\"\\u041a\\u043e\\u043b\\u0438\\u0447\\u0435\\u0441\\u0442\\u0432\\u043e \\u0442\\u043e\\u0432\\u0430\\u0440\\u0430\"]}}]"
    }
},
{
    "model": "admin.logentry",
    "pk": 193,
    "fields": {
        "action_time": "2024-12-01T08:51:08.383Z",
        "user": [
            "admin"
        ],
        "content_type": [
            "shopapp",
            "sales"
        ],
        "object_id": "1",
        "object_repr": "Sale_Apple iPhone 16 256GB White sim+esim",
        "action_flag": 2,
        "change_message": "[{\"changed\": {\"fields\": [\"\\u0414\\u0430\\u0442\\u0430 \\u043d\\u0430\\u0447\\u0430\\u043b\\u0430 \\u0441\\u043a\\u0438\\u0434\\u043a\\u0438\", \"\\u0414\\u0430\\u0442\\u0430 \\u043e\\u043a\\u043e\\u043d\\u0447\\u0430\\u043d\\u0438\\u044f \\u0441\\u043a\\u0438\\u0434\\u043a\\u0438\"]}}]"
    }
},
{
    "model": "admin.logentry",
    "pk": 194,
    "fields": {
        "action_time": "2024-12-01T08:51:28.647Z",
        "user": [
            "admin"
        ],
        "content_type": [
            "shopapp",
            "sales"
        ],
        "object_id": "2",
        "object_repr": "Sale_HUAWEI MatePad 11,5”S PaperMatte, 11.5\" 8 ГБ/256 ГБ, сиреневый",
        "action_flag": 2,
        "change_message": "[{\"changed\": {\"fields\": [\"\\u0414\\u0430\\u0442\\u0430 \\u043d\\u0430\\u0447\\u0430\\u043b\\u0430 \\u0441\\u043a\\u0438\\u0434\\u043a\\u0438\", \"\\u0414\\u0430\\u0442\\u0430 \\u043e\\u043a\\u043e\\u043d\\u0447\\u0430\\u043d\\u0438\\u044f \\u0441\\u043a\\u0438\\u0434\\u043a\\u0438\"]}}]"
    }
}
]
